/*
 Navicat Premium Data Transfer

 Source Server         : 120.78.191.94_root
 Source Server Type    : MySQL
 Source Server Version : 50633
 Source Host           : 120.78.191.94:3306
 Source Schema         : vm_admin

 Target Server Type    : MySQL
 Target Server Version : 50633
 File Encoding         : 65001

 Date: 09/04/2018 11:13:50
*/

SET NAMES utf8mb4;
SET FOREIGN_KEY_CHECKS = 0;

-- ----------------------------
-- Table structure for vm_admins
-- ----------------------------
DROP TABLE IF EXISTS `vm_admins`;
CREATE TABLE `vm_admins`  (
  `id` bigint(20) UNSIGNED NOT NULL AUTO_INCREMENT COMMENT '自增主键',
  `username` varchar(20) CHARACTER SET utf8mb4 COLLATE utf8mb4_bin NOT NULL COMMENT '唯一用户名',
  `password` varchar(40) CHARACTER SET utf8mb4 COLLATE utf8mb4_bin NOT NULL COMMENT '用户密码，md5加密',
  `description` varchar(255) CHARACTER SET utf8mb4 COLLATE utf8mb4_bin NOT NULL COMMENT '用户密码，md5加密',
  `create_time` int(10) UNSIGNED NOT NULL COMMENT '创建时间',
  `update_time` int(10) UNSIGNED NOT NULL COMMENT '更新时间',
  `is_deleted` tinyint(5) UNSIGNED NOT NULL DEFAULT 1 COMMENT '状态,1为no，2为yes',
  `status` tinyint(5) UNSIGNED NOT NULL DEFAULT 1 COMMENT '状态,1为正常，2为冻结',
  `immutable` tinyint(5) NOT NULL COMMENT '是否为内置不可变对象，1为是，2为否',
  PRIMARY KEY (`id`) USING BTREE
) ENGINE = InnoDB AUTO_INCREMENT = 9 CHARACTER SET = utf8 COLLATE = utf8_bin COMMENT = '后端管理员表' ROW_FORMAT = Compact;

-- ----------------------------
-- Records of vm_admins
-- ----------------------------
INSERT INTO `vm_admins` VALUES (1, 'guest', '123', 'aaaaaaaaaaaaaaaaaaaaaaaa', 1522390388, 1, 1, 1, 2);
INSERT INTO `vm_admins` VALUES (6, 'root', '123', 'root管理员，拥有superman角色', 1522288016, 1, 1, 1, 1);
INSERT INTO `vm_admins` VALUES (7, 'rootback', '123', '这是root', 1522293404, 1522042268, 1, 1, 2);
INSERT INTO `vm_admins` VALUES (8, '123', '123', '123', 1522155159, 1522153697, 2, 1, 2);

-- ----------------------------
-- Table structure for vm_admins_login_logs
-- ----------------------------
DROP TABLE IF EXISTS `vm_admins_login_logs`;
CREATE TABLE `vm_admins_login_logs`  (
  `id` bigint(20) UNSIGNED NOT NULL AUTO_INCREMENT COMMENT '自增主键',
  `admin_id` bigint(20) UNSIGNED NOT NULL COMMENT '登录的管理员id',
  `login_ip` varchar(20) CHARACTER SET utf8mb4 COLLATE utf8mb4_bin NOT NULL COMMENT '登录ip',
  `system` varchar(40) CHARACTER SET utf8mb4 COLLATE utf8mb4_bin NOT NULL COMMENT '电脑系统',
  `dpi` varchar(40) CHARACTER SET utf8mb4 COLLATE utf8mb4_bin NOT NULL COMMENT '电脑分辨率',
  `brower` varchar(1000) CHARACTER SET utf8mb4 COLLATE utf8mb4_bin NOT NULL COMMENT '使用的浏览器',
  `country` varchar(50) CHARACTER SET utf8mb4 COLLATE utf8mb4_bin NOT NULL COMMENT '登录国家',
  `province` varchar(40) CHARACTER SET utf8mb4 COLLATE utf8mb4_bin NOT NULL COMMENT '登录省份',
  `city` varchar(40) CHARACTER SET utf8 COLLATE utf8_bin NOT NULL COMMENT '登录城市',
  `login_time` int(6) UNSIGNED NOT NULL COMMENT '登陆时间',
  `result` tinyint(5) UNSIGNED NOT NULL COMMENT '登录结果，1位成功，2位失败',
  `create_time` int(10) UNSIGNED NOT NULL COMMENT '创建时间',
  `update_time` int(10) UNSIGNED NOT NULL COMMENT '更新时间',
  `is_deleted` tinyint(5) UNSIGNED NOT NULL DEFAULT 1 COMMENT '状态,1为no，2为yes',
  `status` tinyint(5) UNSIGNED NOT NULL DEFAULT 1 COMMENT '状态,1为正常，2为冻结',
  PRIMARY KEY (`id`) USING BTREE
) ENGINE = InnoDB AUTO_INCREMENT = 353 CHARACTER SET = utf8 COLLATE = utf8_bin COMMENT = '后端管理员登录表' ROW_FORMAT = Compact;

-- ----------------------------
-- Records of vm_admins_login_logs
-- ----------------------------
INSERT INTO `vm_admins_login_logs` VALUES (1, 7, '171.221.136.161', 'Windows 7', '1920*1080', 'chrome 62.0.3202.94', '中国', '四川', '成都', 1522050494, 1, 1522050494, 1522050494, 1, 1);
INSERT INTO `vm_admins_login_logs` VALUES (2, 7, '171.221.136.161', 'Windows 7', '1920*1080', 'chrome 62.0.3202.94', '中国', '四川', '成都', 1522052387, 1, 1522052387, 1522052387, 1, 1);
INSERT INTO `vm_admins_login_logs` VALUES (3, 7, '171.221.136.161', 'Windows 7', '1920*1080', 'chrome 62.0.3202.94', '中国', '四川', '成都', 1522052636, 1, 1522052636, 1522052636, 1, 1);
INSERT INTO `vm_admins_login_logs` VALUES (4, 7, '171.221.136.161', 'Windows 7', '1920*1080', 'chrome 62.0.3202.94', '中国', '四川', '成都', 1522052682, 1, 1522052682, 1522052682, 1, 1);
INSERT INTO `vm_admins_login_logs` VALUES (5, 7, '171.221.136.161', 'Windows 7', '1920*1080', 'chrome 62.0.3202.94', '中国', '四川', '成都', 1522052728, 1, 1522052728, 1522052728, 1, 1);
INSERT INTO `vm_admins_login_logs` VALUES (6, 7, '171.221.136.161', 'Windows 7', '1920*1080', 'chrome 62.0.3202.94', '中国', '四川', '成都', 1522054709, 1, 1522054709, 1522054709, 1, 1);
INSERT INTO `vm_admins_login_logs` VALUES (7, 7, '171.221.136.161', 'Windows 7', '1920*1080', 'chrome 62.0.3202.94', '中国', '四川', '成都', 1522055227, 1, 1522055227, 1522055227, 1, 1);
INSERT INTO `vm_admins_login_logs` VALUES (8, 7, '171.221.136.161', 'Windows 7', '1920*1080', 'chrome 62.0.3202.94', '中国', '四川', '成都', 1522055234, 1, 1522055234, 1522055234, 1, 1);
INSERT INTO `vm_admins_login_logs` VALUES (9, 7, '171.221.136.161', 'Windows 7', '1920*1080', 'chrome 62.0.3202.94', '中国', '四川', '成都', 1522055262, 1, 1522055262, 1522055262, 1, 1);
INSERT INTO `vm_admins_login_logs` VALUES (10, 7, '171.221.141.10', 'Windows 7', '1920*1080', 'chrome 62.0.3202.94', '中国', '四川', '成都', 1522055349, 1, 1522055349, 1522055349, 1, 1);
INSERT INTO `vm_admins_login_logs` VALUES (11, 7, '171.221.141.10', 'Windows 7', '1920*1080', 'chrome 62.0.3202.94', '中国', '四川', '成都', 1522055552, 1, 1522055552, 1522055552, 1, 1);
INSERT INTO `vm_admins_login_logs` VALUES (12, 7, '171.221.141.10', 'Windows 7', '1920*1080', 'chrome 62.0.3202.94', '中国', '四川', '成都', 1522055562, 1, 1522055562, 1522055562, 1, 1);
INSERT INTO `vm_admins_login_logs` VALUES (13, 7, '171.221.141.10', 'Windows 7', '1920*1080', 'chrome 62.0.3202.94', '中国', '四川', '成都', 1522055673, 1, 1522055673, 1522055673, 1, 1);
INSERT INTO `vm_admins_login_logs` VALUES (14, 7, '171.221.141.10', 'Windows 7', '1920*1080', 'chrome 62.0.3202.94', '中国', '四川', '成都', 1522055732, 1, 1522055732, 1522055732, 1, 1);
INSERT INTO `vm_admins_login_logs` VALUES (15, 7, '171.221.136.161', 'Windows 7', '1920*1080', 'chrome 62.0.3202.94', '中国', '四川', '成都', 1522055767, 1, 1522055767, 1522055767, 1, 1);
INSERT INTO `vm_admins_login_logs` VALUES (16, 7, '171.221.136.161', 'Windows 7', '1920*1080', 'chrome 62.0.3202.94', '中国', '四川', '成都', 1522055834, 1, 1522055834, 1522055834, 1, 1);
INSERT INTO `vm_admins_login_logs` VALUES (18, 7, '171.221.141.10', 'Windows 7', '1920*1080', 'chrome 62.0.3202.94', '中国', '四川', '成都', 1522059384, 1, 1522059384, 1522059384, 1, 1);
INSERT INTO `vm_admins_login_logs` VALUES (19, 7, '171.221.141.10', 'Windows 7', '1920*1080', 'chrome 62.0.3202.94', '中国', '四川', '成都', 1522059480, 1, 1522059480, 1522059480, 1, 1);
INSERT INTO `vm_admins_login_logs` VALUES (20, 7, '171.221.136.161', 'Windows 7', '1920*1080', 'chrome 62.0.3202.94', '中国', '四川', '成都', 1522119747, 1, 1522119747, 1522119747, 1, 1);
INSERT INTO `vm_admins_login_logs` VALUES (21, 7, '171.221.136.161', 'Windows 7', '1920*1080', 'chrome 62.0.3202.94', '中国', '四川', '成都', 1522119777, 1, 1522119777, 1522119777, 1, 1);
INSERT INTO `vm_admins_login_logs` VALUES (22, 7, '171.221.136.161', 'Windows 7', '1920*1080', 'chrome 62.0.3202.94', '中国', '四川', '成都', 1522119784, 1, 1522119784, 1522119784, 1, 1);
INSERT INTO `vm_admins_login_logs` VALUES (23, 7, '171.221.141.10', 'Windows 7', '1920*1080', 'chrome 62.0.3202.94', '中国', '四川', '成都', 1522119909, 1, 1522119909, 1522119909, 1, 1);
INSERT INTO `vm_admins_login_logs` VALUES (24, 7, '171.221.141.10', 'Windows 7', '1920*1080', 'chrome 62.0.3202.94', '中国', '四川', '成都', 1522119917, 1, 1522119917, 1522119917, 1, 1);
INSERT INTO `vm_admins_login_logs` VALUES (25, 7, '171.221.136.161', 'Windows 7', '1920*1080', 'chrome 62.0.3202.94', '中国', '四川', '成都', 1522126030, 1, 1522126030, 1522126030, 1, 1);
INSERT INTO `vm_admins_login_logs` VALUES (26, 7, '171.221.141.10', 'Windows 7', '1920*1080', 'chrome 62.0.3202.94', '中国', '四川', '成都', 1522128944, 1, 1522128944, 1522128944, 1, 1);
INSERT INTO `vm_admins_login_logs` VALUES (27, 7, '171.221.141.10', 'Windows 7', '1920*1080', 'chrome 62.0.3202.94', '中国', '四川', '成都', 1522133774, 1, 1522133774, 1522133774, 1, 1);
INSERT INTO `vm_admins_login_logs` VALUES (28, 7, '171.221.141.10', 'Windows 7', '1920*1080', 'chrome 62.0.3202.94', '中国', '四川', '成都', 1522133784, 1, 1522133784, 1522133784, 1, 1);
INSERT INTO `vm_admins_login_logs` VALUES (29, 7, '171.221.136.161', 'Windows 7', '1920*1080', 'chrome 62.0.3202.94', '中国', '四川', '成都', 1522135968, 1, 1522135968, 1522135968, 1, 1);
INSERT INTO `vm_admins_login_logs` VALUES (30, 7, '171.221.141.10', 'Windows 7', '1920*1080', 'chrome 62.0.3202.94', '中国', '四川', '成都', 1522143711, 1, 1522143711, 1522143711, 1, 1);
INSERT INTO `vm_admins_login_logs` VALUES (31, 6, '171.221.141.10', 'Windows 7', '1920*1080', 'firefox 58.0', '中国', '四川', '成都', 1522144056, 1, 1522144056, 1522144056, 1, 1);
INSERT INTO `vm_admins_login_logs` VALUES (32, 6, '171.221.136.161', 'Windows 7', '1920*1080', 'firefox 58.0', '中国', '四川', '成都', 1522149167, 1, 1522149167, 1522149167, 1, 1);
INSERT INTO `vm_admins_login_logs` VALUES (33, 7, '171.221.136.161', 'Windows 7', '1920*1080', 'chrome 62.0.3202.94', '中国', '四川', '成都', 1522150151, 1, 1522150151, 1522150151, 1, 1);
INSERT INTO `vm_admins_login_logs` VALUES (34, 7, '171.221.136.161', 'Windows 7', '1920*1080', 'chrome 62.0.3202.94', '中国', '四川', '成都', 1522153674, 1, 1522153674, 1522153674, 1, 1);
INSERT INTO `vm_admins_login_logs` VALUES (35, 7, '171.221.136.161', 'Windows 7', '1920*1080', 'chrome 62.0.3202.94', '中国', '四川', '成都', 1522156745, 1, 1522156745, 1522156745, 1, 1);
INSERT INTO `vm_admins_login_logs` VALUES (36, 7, '171.221.136.161', 'Windows 7', '1920*1080', 'chrome 62.0.3202.94', '中国', '四川', '成都', 1522156760, 1, 1522156760, 1522156760, 1, 1);
INSERT INTO `vm_admins_login_logs` VALUES (37, 7, '171.221.136.161', 'Windows 7', '1920*1080', 'chrome 62.0.3202.94', '中国', '四川', '成都', 1522156782, 1, 1522156782, 1522156782, 1, 1);
INSERT INTO `vm_admins_login_logs` VALUES (38, 6, '171.221.136.161', 'Windows 7', '1920*1080', 'chrome 62.0.3202.94', '中国', '四川', '成都', 1522206468, 1, 1522206468, 1522206468, 1, 1);
INSERT INTO `vm_admins_login_logs` VALUES (39, 7, '171.221.136.161', 'Windows 7', '1920*1080', 'firefox 59.0', '中国', '四川', '成都', 1522206519, 1, 1522206519, 1522206519, 1, 1);
INSERT INTO `vm_admins_login_logs` VALUES (40, 7, '171.221.136.161', 'Windows 7', '1920*1080', 'chrome 62.0.3202.94', '中国', '四川', '成都', 1522207227, 1, 1522207227, 1522207227, 1, 1);
INSERT INTO `vm_admins_login_logs` VALUES (41, 7, '171.221.136.161', 'Windows 7', '1920*1080', 'chrome 62.0.3202.94', '中国', '四川', '成都', 1522212048, 1, 1522212048, 1522212048, 1, 1);
INSERT INTO `vm_admins_login_logs` VALUES (42, 7, '171.221.136.161', 'Windows 7', '1920*1080', 'chrome 62.0.3202.94', '中国', '四川', '成都', 1522212369, 1, 1522212369, 1522212369, 1, 1);
INSERT INTO `vm_admins_login_logs` VALUES (43, 7, '171.221.136.161', 'Windows 7', '1920*1080', 'chrome 62.0.3202.94', '中国', '四川', '成都', 1522212389, 1, 1522212389, 1522212389, 1, 1);
INSERT INTO `vm_admins_login_logs` VALUES (44, 7, '171.221.136.161', 'Windows 7', '1920*1080', 'chrome 62.0.3202.94', '中国', '四川', '成都', 1522212452, 1, 1522212452, 1522212452, 1, 1);
INSERT INTO `vm_admins_login_logs` VALUES (45, 7, '171.221.136.161', 'Windows 7', '1920*1080', 'firefox 59.0', '中国', '四川', '成都', 1522212487, 1, 1522212487, 1522212487, 1, 1);
INSERT INTO `vm_admins_login_logs` VALUES (46, 7, '171.221.141.10', 'Windows 7', '1920*1080', 'chrome 62.0.3202.94', '中国', '四川', '成都', 1522213398, 1, 1522213398, 1522213398, 1, 1);
INSERT INTO `vm_admins_login_logs` VALUES (47, 7, '171.221.136.161', 'Windows 7', '1920*1080', 'chrome 62.0.3202.94', '中国', '四川', '成都', 1522213625, 1, 1522213625, 1522213625, 1, 1);
INSERT INTO `vm_admins_login_logs` VALUES (48, 7, '171.221.136.161', 'Windows 7', '1920*1080', 'chrome 62.0.3202.94', '中国', '四川', '成都', 1522213631, 1, 1522213631, 1522213631, 1, 1);
INSERT INTO `vm_admins_login_logs` VALUES (49, 7, '171.221.136.161', 'Windows 7', '1920*1080', 'chrome 62.0.3202.94', '中国', '四川', '成都', 1522213646, 1, 1522213646, 1522213646, 1, 1);
INSERT INTO `vm_admins_login_logs` VALUES (50, 7, '171.221.141.10', 'Windows 7', '1920*1080', 'chrome 62.0.3202.94', '中国', '四川', '成都', 1522214008, 1, 1522214008, 1522214008, 1, 1);
INSERT INTO `vm_admins_login_logs` VALUES (51, 7, '171.221.136.161', 'Windows 7', '1920*1080', 'chrome 62.0.3202.94', '中国', '四川', '成都', 1522214105, 1, 1522214105, 1522214105, 1, 1);
INSERT INTO `vm_admins_login_logs` VALUES (52, 7, '171.221.136.161', 'Windows 7', '1920*1080', 'chrome 62.0.3202.94', '中国', '四川', '成都', 1522214112, 1, 1522214112, 1522214112, 1, 1);
INSERT INTO `vm_admins_login_logs` VALUES (53, 7, '171.221.136.161', 'Windows 7', '1920*1080', 'chrome 62.0.3202.94', '中国', '四川', '成都', 1522215468, 1, 1522215468, 1522215468, 1, 1);
INSERT INTO `vm_admins_login_logs` VALUES (54, 7, '171.221.141.10', 'Windows 7', '1920*1080', 'chrome 62.0.3202.94', '中国', '四川', '成都', 1522216076, 1, 1522216076, 1522216076, 1, 1);
INSERT INTO `vm_admins_login_logs` VALUES (55, 7, '171.221.141.10', 'Windows 7', '1920*1080', 'chrome 62.0.3202.94', '中国', '四川', '成都', 1522216516, 1, 1522216516, 1522216516, 1, 1);
INSERT INTO `vm_admins_login_logs` VALUES (56, 7, '171.221.136.161', 'Windows 7', '1920*1080', 'chrome 62.0.3202.94', '中国', '四川', '成都', 1522216752, 1, 1522216752, 1522216752, 1, 1);
INSERT INTO `vm_admins_login_logs` VALUES (57, 7, '171.221.141.10', 'Windows 7', '1920*1080', 'chrome 62.0.3202.94', '中国', '四川', '成都', 1522217020, 1, 1522217020, 1522217020, 1, 1);
INSERT INTO `vm_admins_login_logs` VALUES (58, 6, '171.221.136.161', 'Windows 7', '1920*1080', 'firefox 59.0', '中国', '四川', '成都', 1522218393, 1, 1522218393, 1522218393, 1, 1);
INSERT INTO `vm_admins_login_logs` VALUES (59, 7, '171.221.141.10', 'Windows 7', '1920*1080', 'chrome 62.0.3202.94', '中国', '四川', '成都', 1522218670, 1, 1522218670, 1522218670, 1, 1);
INSERT INTO `vm_admins_login_logs` VALUES (60, 7, '171.221.141.10', 'Windows 7', '1920*1080', 'chrome 62.0.3202.94', '中国', '四川', '成都', 1522218678, 1, 1522218678, 1522218678, 1, 1);
INSERT INTO `vm_admins_login_logs` VALUES (61, 7, '171.221.141.10', 'Windows 7', '1920*1080', 'chrome 62.0.3202.94', '中国', '四川', '成都', 1522218684, 1, 1522218684, 1522218684, 1, 1);
INSERT INTO `vm_admins_login_logs` VALUES (62, 7, '171.221.136.161', 'Windows 7', '1920*1080', 'chrome 62.0.3202.94', '中国', '四川', '成都', 1522218751, 1, 1522218751, 1522218751, 1, 1);
INSERT INTO `vm_admins_login_logs` VALUES (63, 7, '171.221.136.161', 'Windows 7', '1920*1080', 'chrome 62.0.3202.94', '中国', '四川', '成都', 1522218769, 1, 1522218769, 1522218769, 1, 1);
INSERT INTO `vm_admins_login_logs` VALUES (64, 7, '171.221.136.161', 'Windows 7', '1920*1080', 'chrome 62.0.3202.94', '中国', '四川', '成都', 1522218889, 1, 1522218889, 1522218889, 1, 1);
INSERT INTO `vm_admins_login_logs` VALUES (65, 7, '171.221.136.161', 'Windows 7', '1920*1080', 'chrome 62.0.3202.94', '中国', '四川', '成都', 1522218917, 1, 1522218917, 1522218917, 1, 1);
INSERT INTO `vm_admins_login_logs` VALUES (66, 6, '171.221.136.161', 'Windows 7', '1920*1080', 'firefox 59.0', '中国', '四川', '成都', 1522218937, 1, 1522218937, 1522218937, 1, 1);
INSERT INTO `vm_admins_login_logs` VALUES (67, 7, '171.221.141.10', 'Windows 7', '1920*1080', 'firefox 59.0', '中国', '四川', '成都', 1522220661, 1, 1522220661, 1522220661, 1, 1);
INSERT INTO `vm_admins_login_logs` VALUES (68, 7, '171.221.141.10', 'Windows 7', '1920*1080', 'firefox 59.0', '中国', '四川', '成都', 1522220695, 1, 1522220695, 1522220695, 1, 1);
INSERT INTO `vm_admins_login_logs` VALUES (69, 7, '171.221.141.10', 'Windows 7', '1920*1080', 'chrome 62.0.3202.94', '中国', '四川', '成都', 1522220914, 1, 1522220914, 1522220914, 1, 1);
INSERT INTO `vm_admins_login_logs` VALUES (70, 7, '171.221.136.161', 'Windows 7', '1920*1080', 'chrome 62.0.3202.94', '中国', '四川', '成都', 1522220985, 1, 1522220985, 1522220985, 1, 1);
INSERT INTO `vm_admins_login_logs` VALUES (71, 7, '171.221.136.161', 'Windows 7', '1920*1080', 'chrome 62.0.3202.94', '中国', '四川', '成都', 1522221035, 1, 1522221035, 1522221035, 1, 1);
INSERT INTO `vm_admins_login_logs` VALUES (72, 7, '171.221.141.10', 'Windows 7', '1920*1080', 'chrome 62.0.3202.94', '中国', '四川', '成都', 1522221052, 1, 1522221052, 1522221052, 1, 1);
INSERT INTO `vm_admins_login_logs` VALUES (73, 6, '171.221.136.161', 'Windows 7', '1920*1080', 'firefox 59.0', '中国', '四川', '成都', 1522221071, 1, 1522221071, 1522221071, 1, 1);
INSERT INTO `vm_admins_login_logs` VALUES (74, 6, '171.221.136.161', 'Windows 7', '1920*1080', 'firefox 59.0', '中国', '四川', '成都', 1522221408, 1, 1522221408, 1522221408, 1, 1);
INSERT INTO `vm_admins_login_logs` VALUES (76, 7, '171.221.136.161', 'Windows 7', '1920*1080', 'chrome 62.0.3202.94', '中国', '四川', '成都', 1522243485, 1, 1522243485, 1522243485, 1, 1);
INSERT INTO `vm_admins_login_logs` VALUES (78, 6, '171.221.136.161', 'Windows 7', '1920*1080', 'firefox 59.0', '中国', '四川', '成都', 1522243703, 1, 1522243703, 1522243703, 1, 1);
INSERT INTO `vm_admins_login_logs` VALUES (79, 6, '171.221.141.10', 'Windows 7', '1920*1080', 'chrome 62.0.3202.94', '中国', '四川', '成都', 1522288039, 1, 1522288039, 1522288039, 1, 1);
INSERT INTO `vm_admins_login_logs` VALUES (80, 6, '171.221.136.161', 'Windows 7', '1920*1080', 'chrome 62.0.3202.94', '中国', '四川', '成都', 1522291567, 1, 1522291567, 1522291567, 1, 1);
INSERT INTO `vm_admins_login_logs` VALUES (81, 1, '171.221.136.161', 'Windows 7', '1920*1080', 'firefox 59.0', '中国', '四川', '成都', 1522293648, 1, 1522293648, 1522293648, 1, 1);
INSERT INTO `vm_admins_login_logs` VALUES (82, 6, '171.221.141.10', 'Windows 7', '1920*1080', 'chrome 62.0.3202.94', '中国', '四川', '成都', 1522298463, 1, 1522298463, 1522298463, 1, 1);
INSERT INTO `vm_admins_login_logs` VALUES (83, 6, '171.221.141.10', 'Windows 7', '1920*1080', 'chrome 62.0.3202.94', '中国', '四川', '成都', 1522298471, 1, 1522298471, 1522298471, 1, 1);
INSERT INTO `vm_admins_login_logs` VALUES (84, 6, '171.221.136.161', 'Windows 7', '1920*1080', 'chrome 62.0.3202.94', '中国', '四川', '成都', 1522301920, 1, 1522301920, 1522301920, 1, 1);
INSERT INTO `vm_admins_login_logs` VALUES (85, 6, '171.221.136.161', 'Windows 7', '1920*1080', 'chrome 62.0.3202.94', '中国', '四川', '成都', 1522302386, 1, 1522302386, 1522302386, 1, 1);
INSERT INTO `vm_admins_login_logs` VALUES (86, 6, '171.221.136.161', 'Windows 7', '1920*1080', 'chrome 62.0.3202.94', '中国', '四川', '成都', 1522302519, 1, 1522302519, 1522302519, 1, 1);
INSERT INTO `vm_admins_login_logs` VALUES (87, 6, '171.221.136.161', 'Windows 7', '1920*1080', 'chrome 62.0.3202.94', '中国', '四川', '成都', 1522302694, 1, 1522302694, 1522302694, 1, 1);
INSERT INTO `vm_admins_login_logs` VALUES (88, 1, '171.221.136.161', 'Windows 7', '1920*1080', 'firefox 59.0', '中国', '四川', '成都', 1522302708, 1, 1522302708, 1522302708, 1, 1);
INSERT INTO `vm_admins_login_logs` VALUES (89, 6, '171.221.136.161', 'Windows 7', '1920*1080', 'firefox 59.0', '中国', '四川', '成都', 1522302812, 1, 1522302812, 1522302812, 1, 1);
INSERT INTO `vm_admins_login_logs` VALUES (90, 6, '171.221.136.161', 'Windows 7', '1920*1080', 'chrome 62.0.3202.94', '中国', '四川', '成都', 1522302818, 1, 1522302818, 1522302818, 1, 1);
INSERT INTO `vm_admins_login_logs` VALUES (91, 6, '171.221.136.161', 'Windows 7', '1920*1080', 'firefox 59.0', '中国', '四川', '成都', 1522302828, 1, 1522302828, 1522302828, 1, 1);
INSERT INTO `vm_admins_login_logs` VALUES (92, 6, '171.221.136.161', 'Windows 7', '1920*1080', 'chrome 62.0.3202.94', '中国', '四川', '成都', 1522302860, 1, 1522302860, 1522302860, 1, 1);
INSERT INTO `vm_admins_login_logs` VALUES (93, 6, '171.221.136.161', 'Windows 7', '1920*1080', 'firefox 59.0', '中国', '四川', '成都', 1522302869, 1, 1522302869, 1522302869, 1, 1);
INSERT INTO `vm_admins_login_logs` VALUES (94, 6, '171.221.136.161', 'Windows 7', '1920*1080', 'chrome 62.0.3202.94', '中国', '四川', '成都', 1522302872, 1, 1522302872, 1522302872, 1, 1);
INSERT INTO `vm_admins_login_logs` VALUES (95, 6, '171.221.136.161', 'Windows 7', '1920*1080', 'firefox 59.0', '中国', '四川', '成都', 1522302879, 1, 1522302879, 1522302879, 1, 1);
INSERT INTO `vm_admins_login_logs` VALUES (99, 6, '171.221.136.161', 'Windows 7', '1920*1080', 'firefox 59.0', '中国', '四川', '成都', 1522310751, 1, 1522310751, 1522310751, 1, 1);
INSERT INTO `vm_admins_login_logs` VALUES (100, 6, '171.221.136.161', 'Windows 7', '1920*1080', 'chrome 62.0.3202.94', '中国', '四川', '成都', 1522310753, 1, 1522310753, 1522310753, 1, 1);
INSERT INTO `vm_admins_login_logs` VALUES (103, 6, '171.221.136.161', 'Windows 7', '1920*1080', 'chrome 62.0.3202.94', '中国', '四川', '成都', 1522312039, 1, 1522312039, 1522312039, 1, 1);
INSERT INTO `vm_admins_login_logs` VALUES (104, 6, '171.221.136.161', 'Windows 7', '1920*1080', 'firefox 59.0', '中国', '四川', '成都', 1522312049, 1, 1522312049, 1522312049, 1, 1);
INSERT INTO `vm_admins_login_logs` VALUES (105, 6, '171.221.136.161', 'Windows 7', '1920*1080', 'chrome 62.0.3202.94', '中国', '四川', '成都', 1522312177, 1, 1522312177, 1522312177, 1, 1);
INSERT INTO `vm_admins_login_logs` VALUES (106, 6, '171.221.136.161', 'Windows 7', '1920*1080', 'firefox 59.0', '中国', '四川', '成都', 1522312247, 1, 1522312247, 1522312247, 1, 1);
INSERT INTO `vm_admins_login_logs` VALUES (107, 6, '171.221.136.161', 'Windows 7', '1920*1080', 'chrome 62.0.3202.94', '中国', '四川', '成都', 1522312252, 1, 1522312252, 1522312252, 1, 1);
INSERT INTO `vm_admins_login_logs` VALUES (108, 6, '171.221.136.161', 'Windows 7', '1920*1080', 'firefox 59.0', '中国', '四川', '成都', 1522312265, 1, 1522312265, 1522312265, 1, 1);
INSERT INTO `vm_admins_login_logs` VALUES (109, 6, '171.221.136.161', 'Windows 7', '1920*1080', 'chrome 62.0.3202.94', '中国', '四川', '成都', 1522312271, 1, 1522312271, 1522312271, 1, 1);
INSERT INTO `vm_admins_login_logs` VALUES (110, 6, '171.221.136.161', 'Windows 7', '1920*1080', 'firefox 59.0', '中国', '四川', '成都', 1522312277, 1, 1522312277, 1522312277, 1, 1);
INSERT INTO `vm_admins_login_logs` VALUES (111, 6, '171.221.136.161', 'Windows 7', '1920*1080', 'chrome 62.0.3202.94', '中国', '四川', '成都', 1522312283, 1, 1522312283, 1522312283, 1, 1);
INSERT INTO `vm_admins_login_logs` VALUES (112, 6, '171.221.136.161', 'Windows 7', '1920*1080', 'firefox 59.0', '中国', '四川', '成都', 1522312367, 1, 1522312367, 1522312367, 1, 1);
INSERT INTO `vm_admins_login_logs` VALUES (113, 6, '171.221.136.161', 'Windows 7', '1920*1080', 'chrome 62.0.3202.94', '中国', '四川', '成都', 1522312909, 1, 1522312909, 1522312909, 1, 1);
INSERT INTO `vm_admins_login_logs` VALUES (114, 6, '171.221.136.161', 'Windows 7', '1920*1080', 'chrome 62.0.3202.94', '中国', '四川', '成都', 1522312921, 1, 1522312921, 1522312921, 1, 1);
INSERT INTO `vm_admins_login_logs` VALUES (115, 1, '171.221.141.10', 'Windows 7', '1920*1080', 'firefox 59.0', '中国', '四川', '成都', 1522313224, 1, 1522313224, 1522313224, 1, 1);
INSERT INTO `vm_admins_login_logs` VALUES (116, 6, '171.221.136.161', 'Windows 7', '1920*1080', 'chrome 62.0.3202.94', '中国', '四川', '成都', 1522375192, 1, 1522375192, 1522375192, 1, 1);
INSERT INTO `vm_admins_login_logs` VALUES (117, 6, '171.221.136.161', 'Windows 7', '1920*1080', 'chrome 62.0.3202.94', '中国', '四川', '成都', 1522386163, 1, 1522386163, 1522386163, 1, 1);
INSERT INTO `vm_admins_login_logs` VALUES (118, 6, '171.221.136.161', 'Windows 7', '1920*1080', 'firefox 59.0', '中国', '四川', '成都', 1522386214, 1, 1522386214, 1522386214, 1, 1);
INSERT INTO `vm_admins_login_logs` VALUES (119, 6, '171.221.136.161', 'Windows 7', '1920*1080', 'chrome 62.0.3202.94', '中国', '四川', '成都', 1522386221, 1, 1522386221, 1522386221, 1, 1);
INSERT INTO `vm_admins_login_logs` VALUES (120, 1, '171.221.136.161', 'Windows 7', '1920*1080', 'firefox 59.0', '中国', '四川', '成都', 1522386243, 1, 1522386243, 1522386243, 1, 1);
INSERT INTO `vm_admins_login_logs` VALUES (121, 1, '171.221.136.161', 'Windows 7', '1920*1080', 'firefox 59.0', '中国', '四川', '成都', 1522387875, 1, 1522387875, 1522387875, 1, 1);
INSERT INTO `vm_admins_login_logs` VALUES (122, 6, '171.221.136.161', 'Windows 7', '1920*1080', 'chrome 62.0.3202.94', '中国', '四川', '成都', 1522388144, 1, 1522388144, 1522388144, 1, 1);
INSERT INTO `vm_admins_login_logs` VALUES (123, 6, '171.221.136.161', 'Windows 7', '1920*1080', 'chrome 62.0.3202.94', '中国', '四川', '成都', 1522388208, 1, 1522388208, 1522388208, 1, 1);
INSERT INTO `vm_admins_login_logs` VALUES (124, 6, '171.221.136.161', 'Windows 7', '1920*1080', 'chrome 62.0.3202.94', '中国', '四川', '成都', 1522388505, 1, 1522388505, 1522388505, 1, 1);
INSERT INTO `vm_admins_login_logs` VALUES (125, 6, '171.221.136.161', 'Windows 7', '1920*1080', 'chrome 62.0.3202.94', '中国', '四川', '成都', 1522388513, 1, 1522388513, 1522388513, 1, 1);
INSERT INTO `vm_admins_login_logs` VALUES (126, 6, '171.221.136.161', 'Windows 7', '1920*1080', 'chrome 62.0.3202.94', '中国', '四川', '成都', 1522388620, 1, 1522388620, 1522388620, 1, 1);
INSERT INTO `vm_admins_login_logs` VALUES (127, 6, '171.221.136.161', 'Windows 7', '1920*1080', 'chrome 62.0.3202.94', '中国', '四川', '成都', 1522388641, 1, 1522388641, 1522388641, 1, 1);
INSERT INTO `vm_admins_login_logs` VALUES (128, 6, '171.221.136.161', 'Windows 7', '1920*1080', 'chrome 62.0.3202.94', '中国', '四川', '成都', 1522388651, 1, 1522388651, 1522388651, 1, 1);
INSERT INTO `vm_admins_login_logs` VALUES (129, 6, '171.221.136.161', 'Windows 7', '1920*1080', 'firefox 59.0', '中国', '四川', '成都', 1522388659, 1, 1522388659, 1522388659, 1, 1);
INSERT INTO `vm_admins_login_logs` VALUES (130, 6, '171.221.136.161', 'Windows 7', '1920*1080', 'chrome 62.0.3202.94', '中国', '四川', '成都', 1522388664, 1, 1522388664, 1522388664, 1, 1);
INSERT INTO `vm_admins_login_logs` VALUES (131, 6, '171.221.136.161', 'Windows 7', '1920*1080', 'chrome 62.0.3202.94', '中国', '四川', '成都', 1522388673, 1, 1522388673, 1522388673, 1, 1);
INSERT INTO `vm_admins_login_logs` VALUES (132, 6, '171.221.136.161', 'Windows 7', '1920*1080', 'chrome 62.0.3202.94', '中国', '四川', '成都', 1522388679, 1, 1522388679, 1522388679, 1, 1);
INSERT INTO `vm_admins_login_logs` VALUES (133, 1, '171.221.136.161', 'Windows 7', '1920*1080', 'firefox 59.0', '中国', '四川', '成都', 1522388741, 1, 1522388741, 1522388741, 1, 1);
INSERT INTO `vm_admins_login_logs` VALUES (134, 6, '171.221.136.161', 'Windows 7', '1920*1080', 'chrome 62.0.3202.94', '中国', '四川', '成都', 1522388742, 1, 1522388742, 1522388742, 1, 1);
INSERT INTO `vm_admins_login_logs` VALUES (135, 6, '171.221.136.161', 'Windows 7', '1920*1080', 'chrome 62.0.3202.94', '中国', '四川', '成都', 1522388768, 1, 1522388768, 1522388768, 1, 1);
INSERT INTO `vm_admins_login_logs` VALUES (136, 6, '171.221.136.161', 'Windows 7', '1920*1080', 'chrome 62.0.3202.94', '中国', '四川', '成都', 1522388776, 1, 1522388776, 1522388776, 1, 1);
INSERT INTO `vm_admins_login_logs` VALUES (137, 6, '171.221.136.161', 'Windows 7', '1920*1080', 'chrome 62.0.3202.94', '中国', '四川', '成都', 1522388838, 1, 1522388838, 1522388838, 1, 1);
INSERT INTO `vm_admins_login_logs` VALUES (138, 1, '171.221.136.161', 'Windows 7', '1920*1080', 'firefox 59.0', '中国', '四川', '成都', 1522388838, 1, 1522388838, 1522388838, 1, 1);
INSERT INTO `vm_admins_login_logs` VALUES (139, 6, '171.221.136.161', 'Windows 7', '1920*1080', 'chrome 62.0.3202.94', '中国', '四川', '成都', 1522389284, 1, 1522389284, 1522389284, 1, 1);
INSERT INTO `vm_admins_login_logs` VALUES (140, 1, '171.221.136.161', 'Windows 7', '1920*1080', 'firefox 59.0', '中国', '四川', '成都', 1522389403, 1, 1522389403, 1522389403, 1, 1);
INSERT INTO `vm_admins_login_logs` VALUES (141, 6, '171.221.136.161', 'Windows 7', '1920*1080', 'chrome 62.0.3202.94', '中国', '四川', '成都', 1522390103, 1, 1522390103, 1522390103, 1, 1);
INSERT INTO `vm_admins_login_logs` VALUES (142, 1, '171.221.136.161', 'Windows 7', '1920*1080', 'firefox 59.0', '中国', '四川', '成都', 1522390103, 1, 1522390103, 1522390103, 1, 1);
INSERT INTO `vm_admins_login_logs` VALUES (143, 1, '171.221.136.161', 'Windows 7', '1920*1080', 'firefox 59.0', '中国', '四川', '成都', 1522390131, 1, 1522390131, 1522390131, 1, 1);
INSERT INTO `vm_admins_login_logs` VALUES (145, 6, '171.221.136.161', 'Windows 7', '1920*1080', 'chrome 49.0.2623.112', '中国', '四川', '成都', 1522392228, 1, 1522392228, 1522392228, 1, 1);
INSERT INTO `vm_admins_login_logs` VALUES (146, 6, '171.221.136.161', 'Windows 7', '1920*1080', 'chrome 62.0.3202.94', '中国', '四川', '成都', 1522392243, 1, 1522392243, 1522392243, 1, 1);
INSERT INTO `vm_admins_login_logs` VALUES (147, 6, '171.221.136.161', 'Windows 7', '1920*1080', 'chrome 62.0.3202.94', '中国', '四川', '成都', 1522392270, 1, 1522392270, 1522392270, 1, 1);
INSERT INTO `vm_admins_login_logs` VALUES (148, 6, '171.221.136.161', 'Windows 7', '1920*1080', 'chrome 49.0.2623.112', '中国', '四川', '成都', 1522392282, 1, 1522392282, 1522392282, 1, 1);
INSERT INTO `vm_admins_login_logs` VALUES (149, 6, '171.221.141.10', 'Windows 7', '1920*1080', 'chrome 49.0.2623.112', '中国', '四川', '成都', 1522392348, 1, 1522392348, 1522392348, 1, 1);
INSERT INTO `vm_admins_login_logs` VALUES (150, 6, '171.221.141.10', 'Windows 7', '1920*1080', 'chrome 49.0.2623.112', '中国', '四川', '成都', 1522392368, 1, 1522392368, 1522392368, 1, 1);
INSERT INTO `vm_admins_login_logs` VALUES (151, 6, '171.221.136.161', 'Windows 7', '1920*1080', 'chrome 62.0.3202.94', '中国', '四川', '成都', 1522392388, 1, 1522392388, 1522392388, 1, 1);
INSERT INTO `vm_admins_login_logs` VALUES (152, 6, '171.221.136.161', 'Windows 7', '1920*1080', 'chrome 62.0.3202.94', '中国', '四川', '成都', 1522392396, 1, 1522392396, 1522392396, 1, 1);
INSERT INTO `vm_admins_login_logs` VALUES (153, 6, '171.221.136.161', 'Windows 7', '1920*1080', 'chrome 62.0.3202.94', '中国', '四川', '成都', 1522392408, 1, 1522392408, 1522392408, 1, 1);
INSERT INTO `vm_admins_login_logs` VALUES (154, 6, '171.221.136.161', 'Windows 7', '1920*1080', 'chrome 62.0.3202.94', '中国', '四川', '成都', 1522392447, 1, 1522392447, 1522392447, 1, 1);
INSERT INTO `vm_admins_login_logs` VALUES (155, 6, '171.221.141.10', 'Windows 7', '1920*1080', 'chrome 62.0.3202.94', '中国', '四川', '成都', 1522392612, 1, 1522392612, 1522392612, 1, 1);
INSERT INTO `vm_admins_login_logs` VALUES (156, 6, '171.221.136.161', 'Windows 7', '1920*1080', 'chrome 62.0.3202.94', '中国', '四川', '成都', 1522392764, 1, 1522392764, 1522392764, 1, 1);
INSERT INTO `vm_admins_login_logs` VALUES (157, 6, '171.221.136.161', 'Windows 7', '1920*1080', 'chrome 62.0.3202.94', '中国', '四川', '成都', 1522394358, 1, 1522394358, 1522394358, 1, 1);
INSERT INTO `vm_admins_login_logs` VALUES (158, 6, '171.221.136.161', 'Windows 7', '1920*1080', 'chrome 62.0.3202.94', '中国', '四川', '成都', 1522394760, 1, 1522394760, 1522394760, 1, 1);
INSERT INTO `vm_admins_login_logs` VALUES (159, 6, '171.221.136.161', 'Windows 7', '1920*1080', 'chrome 62.0.3202.94', '中国', '四川', '成都', 1522394845, 1, 1522394845, 1522394845, 1, 1);
INSERT INTO `vm_admins_login_logs` VALUES (160, 6, '171.221.136.161', 'Windows 7', '1920*1080', 'chrome 49.0.2623.112', '中国', '四川', '成都', 1522395299, 1, 1522395299, 1522395299, 1, 1);
INSERT INTO `vm_admins_login_logs` VALUES (161, 6, '171.221.141.10', 'Windows 7', '1920*1080', 'chrome 62.0.3202.94', '中国', '四川', '成都', 1522395334, 1, 1522395334, 1522395334, 1, 1);
INSERT INTO `vm_admins_login_logs` VALUES (162, 6, '171.221.141.10', 'Windows 7', '1920*1080', 'chrome 62.0.3202.94', '中国', '四川', '成都', 1522397247, 1, 1522397247, 1522397247, 1, 1);
INSERT INTO `vm_admins_login_logs` VALUES (163, 6, '171.221.141.10', 'Windows 7', '1920*1080', 'chrome 62.0.3202.94', '中国', '四川', '成都', 1522400368, 1, 1522400368, 1522400368, 1, 1);
INSERT INTO `vm_admins_login_logs` VALUES (164, 6, '171.221.141.10', 'Windows 7', '1920*1080', 'chrome 62.0.3202.94', '中国', '四川', '成都', 1522400821, 1, 1522400821, 1522400821, 1, 1);
INSERT INTO `vm_admins_login_logs` VALUES (165, 6, '171.221.141.10', 'Windows 7', '1920*1080', 'chrome 62.0.3202.94', '中国', '四川', '成都', 1522401183, 1, 1522401183, 1522401183, 1, 1);
INSERT INTO `vm_admins_login_logs` VALUES (166, 6, '171.221.141.10', 'Windows 7', '1920*1080', 'chrome 62.0.3202.94', '中国', '四川', '成都', 1522402430, 1, 1522402430, 1522402430, 1, 1);
INSERT INTO `vm_admins_login_logs` VALUES (167, 6, '171.221.141.10', 'Windows 7', '1920*1080', 'chrome 62.0.3202.94', '中国', '四川', '成都', 1522402894, 1, 1522402894, 1522402894, 1, 1);
INSERT INTO `vm_admins_login_logs` VALUES (168, 6, '171.213.12.83', 'Windows 7', '1920*1080', 'chrome 62.0.3202.94', '中国', '四川', '成都', 1522403489, 1, 1522403489, 1522403489, 1, 1);
INSERT INTO `vm_admins_login_logs` VALUES (169, 6, '171.213.12.83', 'Windows 7', '1920*1080', 'chrome 62.0.3202.94', '中国', '四川', '成都', 1522403550, 1, 1522403550, 1522403550, 1, 1);
INSERT INTO `vm_admins_login_logs` VALUES (170, 6, '171.213.12.83', 'Windows 7', '1920*1080', 'chrome 62.0.3202.94', '中国', '四川', '成都', 1522403655, 1, 1522403655, 1522403655, 1, 1);
INSERT INTO `vm_admins_login_logs` VALUES (171, 6, '171.213.12.83', 'Windows 7', '1920*1080', 'chrome 62.0.3202.94', '中国', '四川', '成都', 1522425309, 1, 1522425309, 1522425309, 1, 1);
INSERT INTO `vm_admins_login_logs` VALUES (172, 6, '171.221.141.10', 'Windows 7', '1920*1080', 'chrome 62.0.3202.94', '中国', '四川', '成都', 1522426183, 1, 1522426183, 1522426183, 1, 1);
INSERT INTO `vm_admins_login_logs` VALUES (173, 6, '171.213.12.83', 'Windows 7', '1920*1080', 'chrome 62.0.3202.94', '中国', '四川', '成都', 1522472924, 1, 1522472924, 1522472924, 1, 1);
INSERT INTO `vm_admins_login_logs` VALUES (174, 6, '171.221.141.10', 'Windows 7', '1920*1080', 'chrome 62.0.3202.94', '中国', '四川', '成都', 1522636185, 1, 1522636185, 1522636185, 1, 1);
INSERT INTO `vm_admins_login_logs` VALUES (175, 6, '171.213.12.83', 'Windows 7', '1920*1080', 'chrome 62.0.3202.94', '中国', '四川', '成都', 1522733518, 1, 1522733518, 1522733518, 1, 1);
INSERT INTO `vm_admins_login_logs` VALUES (176, 6, '171.221.136.11', 'Windows 7', '1920*1080', 'chrome 62.0.3202.94', '中国', '四川', '成都', 1522733758, 1, 1522733758, 1522733758, 1, 1);
INSERT INTO `vm_admins_login_logs` VALUES (177, 6, '171.221.136.11', 'Windows 7', '1920*1080', 'chrome 62.0.3202.94', '中国', '四川', '成都', 1522733763, 1, 1522733763, 1522733763, 1, 1);
INSERT INTO `vm_admins_login_logs` VALUES (178, 6, '171.221.136.11', 'Windows 7', '1920*1080', 'chrome 62.0.3202.94', '中国', '四川', '成都', 1522733877, 1, 1522733877, 1522733877, 1, 1);
INSERT INTO `vm_admins_login_logs` VALUES (179, 6, '171.213.12.83', 'Windows 7', '1920*1080', 'chrome 62.0.3202.94', '中国', '四川', '成都', 1522735230, 1, 1522735230, 1522735230, 1, 1);
INSERT INTO `vm_admins_login_logs` VALUES (180, 6, '171.221.136.11', 'Windows 7', '1920*1080', 'chrome 62.0.3202.94', '中国', '四川', '成都', 1522735490, 1, 1522735490, 1522735490, 1, 1);
INSERT INTO `vm_admins_login_logs` VALUES (181, 6, '171.213.12.83', 'Windows 7', '1920*1080', 'chrome 62.0.3202.94', '中国', '四川', '成都', 1522741293, 1, 1522741293, 1522741293, 1, 1);
INSERT INTO `vm_admins_login_logs` VALUES (182, 6, '171.213.12.83', 'Windows 7', '1920*1080', 'chrome 62.0.3202.94', '中国', '四川', '成都', 1522741706, 1, 1522741706, 1522741706, 1, 1);
INSERT INTO `vm_admins_login_logs` VALUES (183, 6, '171.221.136.11', 'Windows 7', '1920*1080', 'chrome 62.0.3202.94', '中国', '四川', '成都', 1522742513, 1, 1522742513, 1522742513, 1, 1);
INSERT INTO `vm_admins_login_logs` VALUES (184, 6, '171.213.12.83', 'Windows 7', '1920*1080', 'chrome 62.0.3202.94', '中国', '四川', '成都', 1522745373, 1, 1522745373, 1522745373, 1, 1);
INSERT INTO `vm_admins_login_logs` VALUES (185, 6, '171.213.12.83', 'Windows 7', '1920*1080', 'firefox 59.0', '中国', '四川', '成都', 1522745396, 1, 1522745396, 1522745396, 1, 1);
INSERT INTO `vm_admins_login_logs` VALUES (186, 6, '171.221.136.11', 'Windows', '1920*1080', 'chrome 49.0.2623.221', '中国', '四川', '成都', 1522745520, 1, 1522745520, 1522745520, 1, 1);
INSERT INTO `vm_admins_login_logs` VALUES (187, 6, '171.213.12.83', 'Windows 7', '1920*1080', 'chrome 62.0.3202.94', '中国', '四川', '成都', 1522746951, 1, 1522746951, 1522746951, 1, 1);
INSERT INTO `vm_admins_login_logs` VALUES (188, 6, '171.213.12.83', 'Windows 7', '1920*1080', 'chrome 62.0.3202.94', '中国', '四川', '成都', 1522753957, 1, 1522753957, 1522753957, 1, 1);
INSERT INTO `vm_admins_login_logs` VALUES (189, 6, '171.213.12.83', 'Windows 7', '1920*1080', 'chrome 62.0.3202.94', '中国', '四川', '成都', 1522757215, 1, 1522757215, 1522757215, 1, 1);
INSERT INTO `vm_admins_login_logs` VALUES (190, 6, '171.213.12.83', 'Windows 7', '1920*1080', 'chrome 62.0.3202.94', '中国', '四川', '成都', 1522757789, 1, 1522757789, 1522757789, 1, 1);
INSERT INTO `vm_admins_login_logs` VALUES (191, 6, '171.213.12.83', 'Windows 7', '1920*1080', 'chrome 62.0.3202.94', '中国', '四川', '成都', 1522818763, 1, 1522818763, 1522818763, 1, 1);
INSERT INTO `vm_admins_login_logs` VALUES (192, 6, '171.213.12.83', 'Windows 7', '1920*1080', 'firefox 59.0', '中国', '四川', '成都', 1522821864, 1, 1522821864, 1522821864, 1, 1);
INSERT INTO `vm_admins_login_logs` VALUES (193, 6, '171.213.12.83', 'Windows 7', '1920*1080', 'chrome 62.0.3202.94', '中国', '四川', '成都', 1522822280, 1, 1522822280, 1522822280, 1, 1);
INSERT INTO `vm_admins_login_logs` VALUES (194, 6, '171.213.12.83', 'Windows 7', '1920*1080', 'chrome 62.0.3202.94', '中国', '四川', '成都', 1522831036, 1, 1522831036, 1522831036, 1, 1);
INSERT INTO `vm_admins_login_logs` VALUES (195, 6, '118.113.1.134', 'Windows', '1920*1080', 'chrome 63.0.3239.108', '中国', '四川', '成都', 1522853172, 1, 1522853172, 1522853172, 1, 1);
INSERT INTO `vm_admins_login_logs` VALUES (196, 6, '118.113.1.134', 'Windows', '1920*1080', 'chrome 63.0.3239.108', '中国', '四川', '成都', 1522853181, 1, 1522853181, 1522853181, 1, 1);
INSERT INTO `vm_admins_login_logs` VALUES (197, 6, '118.113.1.211', 'Windows 7', '1920*1080', 'chrome 62.0.3202.94', '中国', '四川', '成都', 1522861484, 1, 1522861484, 1522861484, 1, 1);
INSERT INTO `vm_admins_login_logs` VALUES (198, 6, '183.222.130.23', 'Linux', '360*640', 'chrome 57.0.2987.132', '中国', '四川', '眉山', 1522862783, 1, 1522862783, 1522862783, 1, 1);
INSERT INTO `vm_admins_login_logs` VALUES (199, 6, '183.222.130.23', 'Linux', '360*640', 'chrome 57.0.2987.132', '中国', '四川', '眉山', 1522863674, 1, 1522863674, 1522863674, 1, 1);
INSERT INTO `vm_admins_login_logs` VALUES (200, 6, '183.222.130.23', 'Linux', '360*640', 'chrome 57.0.2987.132', '中国', '四川', '眉山', 1522889810, 1, 1522889810, 1522889810, 1, 1);
INSERT INTO `vm_admins_login_logs` VALUES (201, 6, '183.222.130.23', 'Linux', '360*640', 'chrome 57.0.2987.132', '中国', '四川', '眉山', 1522892306, 1, 1522892306, 1522892306, 1, 1);
INSERT INTO `vm_admins_login_logs` VALUES (202, 6, '171.221.143.47', 'Windows 7', '1920*1080', 'chrome 62.0.3202.94', '中国', '四川', '成都', 1522949965, 1, 1522949965, 1522949965, 1, 1);
INSERT INTO `vm_admins_login_logs` VALUES (203, 6, '171.221.143.47', 'Windows 7', '1920*1080', 'chrome 62.0.3202.94', '中国', '四川', '成都', 1522950471, 1, 1522950471, 1522950471, 1, 1);
INSERT INTO `vm_admins_login_logs` VALUES (204, 6, '183.222.128.222', 'Linux', '360*640', 'chrome 57.0.2987.132', '中国', '四川', '眉山', 1522950680, 1, 1522950680, 1522950680, 1, 1);
INSERT INTO `vm_admins_login_logs` VALUES (205, 6, '183.222.128.222', 'Linux', '360*640', 'chrome 57.0.2987.132', '中国', '四川', '眉山', 1522952021, 1, 1522952021, 1522952021, 1, 1);
INSERT INTO `vm_admins_login_logs` VALUES (206, 6, '183.222.128.222', 'Linux', '360*640', 'chrome 57.0.2987.132', '中国', '四川', '眉山', 1522986857, 1, 1522986857, 1522986857, 1, 1);
INSERT INTO `vm_admins_login_logs` VALUES (207, 6, '183.222.128.222', 'Linux', '360*640', 'chrome 57.0.2987.132', '中国', '四川', '眉山', 1522986881, 1, 1522986881, 1522986881, 1, 1);
INSERT INTO `vm_admins_login_logs` VALUES (208, 6, '171.221.143.47', 'Windows 7', '1920*1080', 'chrome 62.0.3202.94', '中国', '四川', '成都', 1522994749, 1, 1522994749, 1522994749, 1, 1);
INSERT INTO `vm_admins_login_logs` VALUES (209, 6, '171.221.143.47', 'Windows 7', '1920*1080', 'chrome 62.0.3202.94', '中国', '四川', '成都', 1522996256, 1, 1522996256, 1522996256, 1, 1);
INSERT INTO `vm_admins_login_logs` VALUES (210, 6, '171.221.143.47', 'Windows 7', '1920*1080', 'chrome 62.0.3202.94', '中国', '四川', '成都', 1522997042, 1, 1522997042, 1522997042, 1, 1);
INSERT INTO `vm_admins_login_logs` VALUES (211, 6, '171.221.143.47', 'Windows 7', '1920*1080', 'chrome 62.0.3202.94', '中国', '四川', '成都', 1522999598, 1, 1522999598, 1522999598, 1, 1);
INSERT INTO `vm_admins_login_logs` VALUES (212, 6, '183.222.128.222', 'Windows', '1920*1080', 'gecko /5.0 (windows nt 10.0; wow64; trident/7.0; .net4.0c; .net4.0e; .net clr 2.0.50727; .net clr 3.0.30729; .net clr 3.5.30729; infopath.3; rv:11.0) like gecko', '中国', '四川', '眉山', 1523002427, 1, 1523002427, 1523002427, 1, 1);
INSERT INTO `vm_admins_login_logs` VALUES (213, 6, '183.222.128.222', 'Windows', '1920*1080', 'gecko /5.0 (windows nt 10.0; wow64; trident/7.0; .net4.0c; .net4.0e; .net clr 2.0.50727; .net clr 3.0.30729; .net clr 3.5.30729; infopath.3; rv:11.0) like gecko', '中国', '四川', '眉山', 1523002432, 1, 1523002432, 1523002432, 1, 1);
INSERT INTO `vm_admins_login_logs` VALUES (214, 6, '183.222.128.222', 'Windows', '1920*1080', 'gecko /5.0 (windows nt 10.0; wow64; trident/7.0; .net4.0c; .net4.0e; .net clr 2.0.50727; .net clr 3.0.30729; .net clr 3.5.30729; infopath.3; rv:11.0) like gecko', '中国', '四川', '眉山', 1523002484, 1, 1523002484, 1523002484, 1, 1);
INSERT INTO `vm_admins_login_logs` VALUES (215, 6, '183.222.128.222', 'Windows', '1920*1080', 'gecko /5.0 (windows nt 10.0; wow64; trident/7.0; .net4.0c; .net4.0e; .net clr 2.0.50727; .net clr 3.0.30729; .net clr 3.5.30729; infopath.3; rv:11.0) like gecko', '中国', '四川', '眉山', 1523002573, 1, 1523002573, 1523002573, 1, 1);
INSERT INTO `vm_admins_login_logs` VALUES (216, 6, '171.221.143.47', 'Windows 7', '1920*1080', 'ie 10.0', '中国', '四川', '成都', 1523002875, 1, 1523002875, 1523002875, 1, 1);
INSERT INTO `vm_admins_login_logs` VALUES (217, 6, '171.221.143.47', 'Windows 7', '1920*1080', 'ie 10.0', '中国', '四川', '成都', 1523002897, 1, 1523002897, 1523002897, 1, 1);
INSERT INTO `vm_admins_login_logs` VALUES (218, 6, '171.221.143.47', 'Windows 7', '1920*1080', 'chrome 62.0.3202.94', '中国', '四川', '成都', 1523002925, 1, 1523002925, 1523002925, 1, 1);
INSERT INTO `vm_admins_login_logs` VALUES (219, 6, '171.221.143.47', 'Windows 7', '1920*1080', 'ie 10.0', '中国', '四川', '成都', 1523002964, 1, 1523002964, 1523002964, 1, 1);
INSERT INTO `vm_admins_login_logs` VALUES (220, 6, '171.221.143.47', 'Windows 7', '1920*1080', 'chrome 62.0.3202.94', '中国', '四川', '成都', 1523002999, 1, 1523002999, 1523002999, 1, 1);
INSERT INTO `vm_admins_login_logs` VALUES (221, 6, '171.221.143.47', 'Windows 7', '1920*1080', 'ie 10.0', '中国', '四川', '成都', 1523003185, 1, 1523003185, 1523003185, 1, 1);
INSERT INTO `vm_admins_login_logs` VALUES (222, 6, '171.221.143.47', 'Windows 7', '1920*1080', 'ie 10.0', '中国', '四川', '成都', 1523004167, 1, 1523004167, 1523004167, 1, 1);
INSERT INTO `vm_admins_login_logs` VALUES (223, 6, '171.221.143.47', 'Windows 7', '1920*1080', 'chrome 62.0.3202.94', '中国', '四川', '成都', 1523004212, 1, 1523004212, 1523004212, 1, 1);
INSERT INTO `vm_admins_login_logs` VALUES (224, 6, '171.221.143.47', 'Windows 7', '1920*1080', 'ie 10.0', '中国', '四川', '成都', 1523004324, 1, 1523004324, 1523004324, 1, 1);
INSERT INTO `vm_admins_login_logs` VALUES (225, 6, '171.221.143.47', 'Windows 7', '1920*1080', 'chrome 62.0.3202.94', '中国', '四川', '成都', 1523004416, 1, 1523004416, 1523004416, 1, 1);
INSERT INTO `vm_admins_login_logs` VALUES (226, 6, '183.222.128.222', 'Windows', '1920*1080', 'chrome 63.0.3239.108', '中国', '四川', '眉山', 1523004531, 1, 1523004531, 1523004531, 1, 1);
INSERT INTO `vm_admins_login_logs` VALUES (227, 6, '183.222.128.222', 'Windows', '1920*1080', 'gecko /5.0 (windows nt 10.0; wow64; trident/7.0; .net4.0c; .net4.0e; .net clr 2.0.50727; .net clr 3.0.30729; .net clr 3.5.30729; infopath.3; rv:11.0) like gecko', '中国', '四川', '眉山', 1523004552, 1, 1523004552, 1523004552, 1, 1);
INSERT INTO `vm_admins_login_logs` VALUES (228, 6, '183.222.128.222', 'Windows', '1920*1080', 'gecko /5.0 (windows nt 10.0; wow64; trident/7.0; .net4.0c; .net4.0e; .net clr 2.0.50727; .net clr 3.0.30729; .net clr 3.5.30729; infopath.3; rv:11.0) like gecko', '中国', '四川', '眉山', 1523004580, 1, 1523004580, 1523004580, 1, 1);
INSERT INTO `vm_admins_login_logs` VALUES (229, 6, '183.222.128.222', 'Windows', '1920*1080', 'gecko /5.0 (windows nt 10.0; wow64; trident/7.0; .net4.0c; .net4.0e; .net clr 2.0.50727; .net clr 3.0.30729; .net clr 3.5.30729; infopath.3; rv:11.0) like gecko', '中国', '四川', '眉山', 1523004623, 1, 1523004623, 1523004623, 1, 1);
INSERT INTO `vm_admins_login_logs` VALUES (230, 6, '183.222.128.222', 'Windows', '1920*1080', 'gecko /5.0 (windows nt 10.0; wow64; trident/7.0; .net4.0c; .net4.0e; .net clr 2.0.50727; .net clr 3.0.30729; .net clr 3.5.30729; infopath.3; rv:11.0) like gecko', '中国', '四川', '眉山', 1523004673, 1, 1523004673, 1523004673, 1, 1);
INSERT INTO `vm_admins_login_logs` VALUES (231, 6, '183.222.128.222', 'Windows', '1920*1080', 'gecko /5.0 (windows nt 10.0; wow64; trident/7.0; .net4.0c; .net4.0e; .net clr 2.0.50727; .net clr 3.0.30729; .net clr 3.5.30729; infopath.3; rv:11.0) like gecko', '中国', '四川', '眉山', 1523004724, 1, 1523004724, 1523004724, 1, 1);
INSERT INTO `vm_admins_login_logs` VALUES (232, 6, '171.221.143.47', 'Windows 7', '1920*1080', 'ie 10.0', '中国', '四川', '成都', 1523004746, 1, 1523004746, 1523004746, 1, 1);
INSERT INTO `vm_admins_login_logs` VALUES (233, 6, '183.222.128.222', 'Windows', '1920*1080', 'gecko /5.0 (windows nt 10.0; wow64; trident/7.0; .net4.0c; .net4.0e; .net clr 2.0.50727; .net clr 3.0.30729; .net clr 3.5.30729; infopath.3; rv:11.0) like gecko', '中国', '四川', '眉山', 1523004832, 1, 1523004832, 1523004832, 1, 1);
INSERT INTO `vm_admins_login_logs` VALUES (234, 6, '183.222.128.222', 'Windows', '1920*1080', 'gecko /5.0 (windows nt 10.0; wow64; trident/7.0; .net4.0c; .net4.0e; .net clr 2.0.50727; .net clr 3.0.30729; .net clr 3.5.30729; infopath.3; rv:11.0) like gecko', '中国', '四川', '眉山', 1523004872, 1, 1523004872, 1523004872, 1, 1);
INSERT INTO `vm_admins_login_logs` VALUES (235, 6, '171.221.143.47', 'Windows 7', '1920*1080', 'ie 10.0', '中国', '四川', '成都', 1523004933, 1, 1523004933, 1523004933, 1, 1);
INSERT INTO `vm_admins_login_logs` VALUES (236, 6, '171.221.143.47', 'Windows 7', '1920*1080', 'ie 10.0', '中国', '四川', '成都', 1523005032, 1, 1523005032, 1523005032, 1, 1);
INSERT INTO `vm_admins_login_logs` VALUES (237, 6, '171.221.143.47', 'Windows 7', '1920*1080', 'ie 10.0', '中国', '四川', '成都', 1523005061, 1, 1523005061, 1523005061, 1, 1);
INSERT INTO `vm_admins_login_logs` VALUES (238, 6, '171.221.143.47', 'Windows 7', '1920*1080', 'ie 10.0', '中国', '四川', '成都', 1523005171, 1, 1523005171, 1523005171, 1, 1);
INSERT INTO `vm_admins_login_logs` VALUES (239, 6, '171.221.143.47', 'Windows 7', '1920*1080', 'ie 10.0', '中国', '四川', '成都', 1523005201, 1, 1523005201, 1523005201, 1, 1);
INSERT INTO `vm_admins_login_logs` VALUES (240, 6, '171.221.143.47', 'Windows 7', '1920*1080', 'ie 10.0', '中国', '四川', '成都', 1523005607, 1, 1523005607, 1523005607, 1, 1);
INSERT INTO `vm_admins_login_logs` VALUES (241, 6, '183.222.128.222', 'Windows', '1920*1080', 'gecko /5.0 (windows nt 10.0; wow64; trident/7.0; .net4.0c; .net4.0e; .net clr 2.0.50727; .net clr 3.0.30729; .net clr 3.5.30729; infopath.3; rv:11.0) like gecko', '中国', '四川', '眉山', 1523005830, 1, 1523005830, 1523005830, 1, 1);
INSERT INTO `vm_admins_login_logs` VALUES (242, 6, '183.222.128.222', 'Windows', '1920*1080', 'gecko /5.0 (windows nt 10.0; wow64; trident/7.0; .net4.0c; .net4.0e; .net clr 2.0.50727; .net clr 3.0.30729; .net clr 3.5.30729; infopath.3; rv:11.0) like gecko', '中国', '四川', '眉山', 1523005842, 1, 1523005842, 1523005842, 1, 1);
INSERT INTO `vm_admins_login_logs` VALUES (243, 6, '171.221.143.47', 'Windows 7', '1920*1080', 'ie 10.0', '中国', '四川', '成都', 1523005883, 1, 1523005883, 1523005883, 1, 1);
INSERT INTO `vm_admins_login_logs` VALUES (244, 6, '171.221.143.47', 'Windows 7', '1920*1080', 'ie 10.0', '中国', '四川', '成都', 1523005900, 1, 1523005900, 1523005900, 1, 1);
INSERT INTO `vm_admins_login_logs` VALUES (245, 6, '183.222.128.222', 'Windows', '1920*1080', 'gecko /5.0 (windows nt 10.0; wow64; trident/7.0; .net4.0c; .net4.0e; .net clr 2.0.50727; .net clr 3.0.30729; .net clr 3.5.30729; infopath.3; rv:11.0) like gecko', '中国', '四川', '眉山', 1523005937, 1, 1523005937, 1523005937, 1, 1);
INSERT INTO `vm_admins_login_logs` VALUES (246, 6, '183.222.128.222', 'Windows', '1920*1080', 'gecko /5.0 (windows nt 10.0; wow64; trident/7.0; .net4.0c; .net4.0e; .net clr 2.0.50727; .net clr 3.0.30729; .net clr 3.5.30729; infopath.3; rv:11.0) like gecko', '中国', '四川', '眉山', 1523005963, 1, 1523005963, 1523005963, 1, 1);
INSERT INTO `vm_admins_login_logs` VALUES (247, 6, '183.222.128.222', 'Windows', '1920*1080', 'firefox 59.0', '中国', '四川', '眉山', 1523005988, 1, 1523005988, 1523005988, 1, 1);
INSERT INTO `vm_admins_login_logs` VALUES (248, 6, '183.222.128.222', 'Windows', '1920*1080', 'gecko /5.0 (windows nt 10.0; wow64; trident/7.0; .net4.0c; .net4.0e; .net clr 2.0.50727; .net clr 3.0.30729; .net clr 3.5.30729; infopath.3; rv:11.0) like gecko', '中国', '四川', '眉山', 1523006047, 1, 1523006047, 1523006047, 1, 1);
INSERT INTO `vm_admins_login_logs` VALUES (249, 6, '183.222.128.222', 'Windows', '1920*1080', 'firefox 59.0', '中国', '四川', '眉山', 1523006067, 1, 1523006067, 1523006067, 1, 1);
INSERT INTO `vm_admins_login_logs` VALUES (250, 6, '183.222.128.222', 'Windows', '1920*1080', 'gecko /5.0 (windows nt 10.0; wow64; trident/7.0; .net4.0c; .net4.0e; .net clr 2.0.50727; .net clr 3.0.30729; .net clr 3.5.30729; infopath.3; rv:11.0) like gecko', '中国', '四川', '眉山', 1523006121, 1, 1523006121, 1523006121, 1, 1);
INSERT INTO `vm_admins_login_logs` VALUES (251, 6, '183.222.128.222', 'Windows', '1920*1080', 'gecko /5.0 (windows nt 10.0; wow64; trident/7.0; .net4.0c; .net4.0e; .net clr 2.0.50727; .net clr 3.0.30729; .net clr 3.5.30729; infopath.3; rv:11.0) like gecko', '中国', '四川', '眉山', 1523006193, 1, 1523006193, 1523006193, 1, 1);
INSERT INTO `vm_admins_login_logs` VALUES (252, 6, '183.222.128.222', 'Windows', '1920*1080', 'gecko /5.0 (windows nt 10.0; wow64; trident/7.0; .net4.0c; .net4.0e; .net clr 2.0.50727; .net clr 3.0.30729; .net clr 3.5.30729; infopath.3; rv:11.0) like gecko', '中国', '四川', '眉山', 1523006300, 1, 1523006300, 1523006300, 1, 1);
INSERT INTO `vm_admins_login_logs` VALUES (253, 6, '183.222.128.222', 'Windows', '1920*1080', 'gecko /5.0 (windows nt 10.0; wow64; trident/7.0; .net4.0c; .net4.0e; .net clr 2.0.50727; .net clr 3.0.30729; .net clr 3.5.30729; infopath.3; rv:11.0) like gecko', '中国', '四川', '眉山', 1523006313, 1, 1523006313, 1523006313, 1, 1);
INSERT INTO `vm_admins_login_logs` VALUES (254, 6, '183.222.128.222', 'Windows', '1920*1080', 'gecko /5.0 (windows nt 10.0; wow64; trident/7.0; .net4.0c; .net4.0e; .net clr 2.0.50727; .net clr 3.0.30729; .net clr 3.5.30729; infopath.3; rv:11.0) like gecko', '中国', '四川', '眉山', 1523006339, 1, 1523006339, 1523006339, 1, 1);
INSERT INTO `vm_admins_login_logs` VALUES (255, 6, '183.222.128.222', 'Windows', '1920*1080', 'gecko /5.0 (windows nt 10.0; wow64; trident/7.0; .net4.0c; .net4.0e; .net clr 2.0.50727; .net clr 3.0.30729; .net clr 3.5.30729; infopath.3; rv:11.0) like gecko', '中国', '四川', '眉山', 1523006409, 1, 1523006409, 1523006409, 1, 1);
INSERT INTO `vm_admins_login_logs` VALUES (256, 6, '183.222.128.222', 'Windows', '1920*1080', 'gecko /5.0 (windows nt 10.0; wow64; trident/7.0; .net4.0c; .net4.0e; .net clr 2.0.50727; .net clr 3.0.30729; .net clr 3.5.30729; infopath.3; rv:11.0) like gecko', '中国', '四川', '眉山', 1523006478, 1, 1523006478, 1523006478, 1, 1);
INSERT INTO `vm_admins_login_logs` VALUES (257, 6, '171.221.143.47', 'Windows 7', '1920*1080', 'ie 10.0', '中国', '四川', '成都', 1523006617, 1, 1523006617, 1523006617, 1, 1);
INSERT INTO `vm_admins_login_logs` VALUES (258, 6, '171.221.143.47', 'Windows 7', '1920*1080', 'ie 10.0', '中国', '四川', '成都', 1523006877, 1, 1523006877, 1523006877, 1, 1);
INSERT INTO `vm_admins_login_logs` VALUES (259, 6, '171.221.143.47', 'Windows 7', '1920*1080', 'ie 10.0', '中国', '四川', '成都', 1523006923, 1, 1523006923, 1523006923, 1, 1);
INSERT INTO `vm_admins_login_logs` VALUES (260, 6, '183.222.128.222', 'Windows', '1920*1080', 'gecko /5.0 (windows nt 10.0; wow64; trident/7.0; .net4.0c; .net4.0e; .net clr 2.0.50727; .net clr 3.0.30729; .net clr 3.5.30729; infopath.3; rv:11.0) like gecko', '中国', '四川', '眉山', 1523007220, 1, 1523007220, 1523007220, 1, 1);
INSERT INTO `vm_admins_login_logs` VALUES (261, 6, '183.222.128.222', 'Windows', '1920*1080', 'chrome 63.0.3239.108', '中国', '四川', '眉山', 1523007239, 1, 1523007239, 1523007239, 1, 1);
INSERT INTO `vm_admins_login_logs` VALUES (262, 6, '183.222.128.222', 'Windows', '1920*1080', 'gecko /5.0 (windows nt 10.0; wow64; trident/7.0; .net4.0c; .net4.0e; .net clr 2.0.50727; .net clr 3.0.30729; .net clr 3.5.30729; infopath.3; rv:11.0) like gecko', '中国', '四川', '眉山', 1523007247, 1, 1523007247, 1523007247, 1, 1);
INSERT INTO `vm_admins_login_logs` VALUES (263, 6, '183.222.128.222', 'Windows', '1920*1080', 'gecko /5.0 (windows nt 10.0; wow64; trident/7.0; .net4.0c; .net4.0e; .net clr 2.0.50727; .net clr 3.0.30729; .net clr 3.5.30729; infopath.3; rv:11.0) like gecko', '中国', '四川', '眉山', 1523007381, 1, 1523007381, 1523007381, 1, 1);
INSERT INTO `vm_admins_login_logs` VALUES (264, 6, '183.222.128.222', 'Windows', '1920*1080', 'firefox 59.0', '中国', '四川', '眉山', 1523007389, 1, 1523007389, 1523007389, 1, 1);
INSERT INTO `vm_admins_login_logs` VALUES (265, 6, '183.222.128.222', 'Windows', '1920*1080', 'gecko /5.0 (windows nt 10.0; wow64; trident/7.0; .net4.0c; .net4.0e; .net clr 2.0.50727; .net clr 3.0.30729; .net clr 3.5.30729; infopath.3; rv:11.0) like gecko', '中国', '四川', '眉山', 1523007398, 1, 1523007398, 1523007398, 1, 1);
INSERT INTO `vm_admins_login_logs` VALUES (266, 6, '183.222.128.222', 'Windows', '1920*1080', 'firefox 59.0', '中国', '四川', '眉山', 1523007407, 1, 1523007407, 1523007407, 1, 1);
INSERT INTO `vm_admins_login_logs` VALUES (267, 6, '183.222.128.222', 'Linux', '360*640', 'chrome 57.0.2987.132', '中国', '四川', '眉山', 1523008268, 1, 1523008268, 1523008268, 1, 1);
INSERT INTO `vm_admins_login_logs` VALUES (268, 6, '183.222.128.222', 'Linux', '360*640', 'chrome 57.0.2987.132', '中国', '四川', '眉山', 1523011275, 1, 1523011275, 1523011275, 1, 1);
INSERT INTO `vm_admins_login_logs` VALUES (269, 6, '183.222.128.222', 'Linux', '360*640', 'chrome 57.0.2987.132', '中国', '四川', '眉山', 1523011414, 1, 1523011414, 1523011414, 1, 1);
INSERT INTO `vm_admins_login_logs` VALUES (270, 6, '183.222.128.222', 'Linux', '360*640', 'chrome 57.0.2987.132', '中国', '四川', '眉山', 1523012003, 1, 1523012003, 1523012003, 1, 1);
INSERT INTO `vm_admins_login_logs` VALUES (271, 6, '183.222.128.222', 'Linux', '360*640', 'chrome 57.0.2987.132', '中国', '四川', '眉山', 1523012536, 1, 1523012536, 1523012536, 1, 1);
INSERT INTO `vm_admins_login_logs` VALUES (272, 6, '183.222.128.222', 'Linux', '360*640', 'chrome 57.0.2987.132', '中国', '四川', '眉山', 1523013660, 1, 1523013660, 1523013660, 1, 1);
INSERT INTO `vm_admins_login_logs` VALUES (273, 6, '183.222.128.222', 'Windows', '1920*1080', 'gecko /5.0 (windows nt 10.0; wow64; trident/7.0; .net4.0c; .net4.0e; .net clr 2.0.50727; .net clr 3.0.30729; .net clr 3.5.30729; infopath.3; rv:11.0) like gecko', '中国', '四川', '眉山', 1523020382, 1, 1523020382, 1523020382, 1, 1);
INSERT INTO `vm_admins_login_logs` VALUES (274, 6, '183.222.128.222', 'Windows', '1920*1080', 'gecko /5.0 (windows nt 10.0; wow64; trident/7.0; .net4.0c; .net4.0e; .net clr 2.0.50727; .net clr 3.0.30729; .net clr 3.5.30729; infopath.3; rv:11.0) like gecko', '中国', '四川', '眉山', 1523020390, 1, 1523020390, 1523020390, 1, 1);
INSERT INTO `vm_admins_login_logs` VALUES (275, 6, '183.222.128.222', 'Windows', '1920*1080', 'gecko /5.0 (windows nt 10.0; wow64; trident/7.0; .net4.0c; .net4.0e; .net clr 2.0.50727; .net clr 3.0.30729; .net clr 3.5.30729; infopath.3; rv:11.0) like gecko', '中国', '四川', '眉山', 1523020398, 1, 1523020398, 1523020398, 1, 1);
INSERT INTO `vm_admins_login_logs` VALUES (276, 6, '171.221.0.121', 'Windows', '1366*768', 'gecko /5.0 (windows nt 10.0; wow64; trident/7.0; .net4.0c; .net4.0e; .net clr 2.0.50727; .net clr 3.0.30729; .net clr 3.5.30729; rv:11.0) like gecko', '中国', '四川', '成都', 1523022652, 1, 1523022652, 1523022652, 1, 1);
INSERT INTO `vm_admins_login_logs` VALUES (277, 6, '171.221.0.121', 'Windows', '1920*1080', 'chrome 63.0.3239.108', '中国', '四川', '成都', 1523025015, 1, 1523025015, 1523025015, 1, 1);
INSERT INTO `vm_admins_login_logs` VALUES (278, 6, '171.221.143.47', 'Windows 7', '1920*1080', 'chrome 62.0.3202.94', '中国', '四川', '成都', 1523025066, 1, 1523025066, 1523025066, 1, 1);
INSERT INTO `vm_admins_login_logs` VALUES (279, 6, '171.221.143.47', 'Windows 7', '1920*1080', 'chrome 62.0.3202.94', '中国', '四川', '成都', 1523025789, 1, 1523025789, 1523025789, 1, 1);
INSERT INTO `vm_admins_login_logs` VALUES (280, 6, '171.221.143.47', 'Windows 7', '1920*1080', 'chrome 62.0.3202.94', '中国', '四川', '成都', 1523026122, 1, 1523026122, 1523026122, 1, 1);
INSERT INTO `vm_admins_login_logs` VALUES (281, 6, '171.221.0.121', 'Windows', '1366*768', 'gecko /5.0 (windows nt 10.0; wow64; trident/7.0; .net4.0c; .net4.0e; .net clr 2.0.50727; .net clr 3.0.30729; .net clr 3.5.30729; rv:11.0) like gecko', '中国', '四川', '成都', 1523026163, 1, 1523026163, 1523026163, 1, 1);
INSERT INTO `vm_admins_login_logs` VALUES (282, 6, '171.221.143.47', 'Windows 7', '1920*1080', 'ie 10.0', '中国', '四川', '成都', 1523026273, 1, 1523026273, 1523026273, 1, 1);
INSERT INTO `vm_admins_login_logs` VALUES (283, 6, '171.221.0.121', 'Windows', '1366*768', 'gecko /5.0 (windows nt 10.0; wow64; trident/7.0; .net4.0c; .net4.0e; .net clr 2.0.50727; .net clr 3.0.30729; .net clr 3.5.30729; rv:11.0) like gecko', '中国', '四川', '成都', 1523026342, 1, 1523026342, 1523026342, 1, 1);
INSERT INTO `vm_admins_login_logs` VALUES (284, 6, '171.221.0.121', 'Windows', '1366*768', 'gecko /5.0 (windows nt 10.0; wow64; trident/7.0; .net4.0c; .net4.0e; .net clr 2.0.50727; .net clr 3.0.30729; .net clr 3.5.30729; rv:11.0) like gecko', '中国', '四川', '成都', 1523026377, 1, 1523026377, 1523026377, 1, 1);
INSERT INTO `vm_admins_login_logs` VALUES (285, 6, '171.221.143.47', 'Windows 7', '1920*1080', 'ie 10.0', '中国', '四川', '成都', 1523027863, 1, 1523027863, 1523027863, 1, 1);
INSERT INTO `vm_admins_login_logs` VALUES (286, 6, '171.221.143.47', 'Windows 7', '1920*1080', 'ie 10.0', '中国', '四川', '成都', 1523028040, 1, 1523028040, 1523028040, 1, 1);
INSERT INTO `vm_admins_login_logs` VALUES (287, 6, '171.221.143.47', 'Windows 7', '1920*1080', 'ie 10.0', '中国', '四川', '成都', 1523028208, 1, 1523028208, 1523028208, 1, 1);
INSERT INTO `vm_admins_login_logs` VALUES (288, 6, '171.221.143.47', 'Windows 7', '1920*1080', 'ie 10.0', '中国', '四川', '成都', 1523029213, 1, 1523029213, 1523029213, 1, 1);
INSERT INTO `vm_admins_login_logs` VALUES (289, 6, '171.221.143.47', 'Windows 7', '1920*1080', 'chrome 62.0.3202.94', '中国', '四川', '成都', 1523029427, 1, 1523029427, 1523029427, 1, 1);
INSERT INTO `vm_admins_login_logs` VALUES (290, 6, '171.221.143.47', 'Windows 7', '1920*1080', 'ie 10.0', '中国', '四川', '成都', 1523029479, 1, 1523029479, 1523029479, 1, 1);
INSERT INTO `vm_admins_login_logs` VALUES (291, 6, '171.221.143.47', 'Windows 7', '1920*1080', 'chrome 62.0.3202.94', '中国', '四川', '成都', 1523029873, 1, 1523029873, 1523029873, 1, 1);
INSERT INTO `vm_admins_login_logs` VALUES (292, 6, '171.221.143.47', 'Windows 7', '1920*1080', 'ie 10.0', '中国', '四川', '成都', 1523030127, 1, 1523030127, 1523030127, 1, 1);
INSERT INTO `vm_admins_login_logs` VALUES (293, 6, '171.221.0.121', 'Windows', '1366*768', 'gecko /5.0 (windows nt 10.0; wow64; trident/7.0; .net4.0c; .net4.0e; .net clr 2.0.50727; .net clr 3.0.30729; .net clr 3.5.30729; rv:11.0) like gecko', '中国', '四川', '成都', 1523030296, 1, 1523030296, 1523030296, 1, 1);
INSERT INTO `vm_admins_login_logs` VALUES (294, 6, '171.221.143.47', 'Windows 7', '1920*1080', 'chrome 62.0.3202.94', '中国', '四川', '成都', 1523030368, 1, 1523030368, 1523030368, 1, 1);
INSERT INTO `vm_admins_login_logs` VALUES (295, 1, '171.221.0.121', 'Windows', '1366*768', 'gecko /5.0 (windows nt 10.0; wow64; trident/7.0; .net4.0c; .net4.0e; .net clr 2.0.50727; .net clr 3.0.30729; .net clr 3.5.30729; rv:11.0) like gecko', '中国', '四川', '成都', 1523030390, 1, 1523030390, 1523030390, 1, 1);
INSERT INTO `vm_admins_login_logs` VALUES (296, 6, '171.221.0.121', 'Windows', '1366*768', 'gecko /5.0 (windows nt 10.0; wow64; trident/7.0; .net4.0c; .net4.0e; .net clr 2.0.50727; .net clr 3.0.30729; .net clr 3.5.30729; rv:11.0) like gecko', '中国', '四川', '成都', 1523030923, 1, 1523030923, 1523030923, 1, 1);
INSERT INTO `vm_admins_login_logs` VALUES (297, 6, '171.221.0.121', 'Linux', '360*640', 'chrome 57.0.2987.132', '中国', '四川', '成都', 1523031768, 1, 1523031768, 1523031768, 1, 1);
INSERT INTO `vm_admins_login_logs` VALUES (298, 6, '171.221.0.121', 'Linux', '360*640', 'chrome 57.0.2987.132', '中国', '四川', '成都', 1523070078, 1, 1523070078, 1523070078, 1, 1);
INSERT INTO `vm_admins_login_logs` VALUES (299, 6, '171.221.143.47', 'Windows 7', '1920*1080', 'chrome 62.0.3202.94', '中国', '四川', '成都', 1523070882, 1, 1523070882, 1523070882, 1, 1);
INSERT INTO `vm_admins_login_logs` VALUES (300, 6, '171.221.0.121', 'Windows', '1920*1080', 'chrome 63.0.3239.108', '中国', '四川', '成都', 1523071157, 1, 1523071157, 1523071157, 1, 1);
INSERT INTO `vm_admins_login_logs` VALUES (301, 6, '171.221.143.47', 'Windows 7', '1920*1080', 'chrome 62.0.3202.94', '中国', '四川', '成都', 1523071813, 1, 1523071813, 1523071813, 1, 1);
INSERT INTO `vm_admins_login_logs` VALUES (302, 6, '171.221.0.121', 'Windows', '1366*768', 'gecko /5.0 (windows nt 10.0; wow64; trident/7.0; .net4.0c; .net4.0e; .net clr 2.0.50727; .net clr 3.0.30729; .net clr 3.5.30729; rv:11.0) like gecko', '中国', '四川', '成都', 1523072218, 1, 1523072218, 1523072218, 1, 1);
INSERT INTO `vm_admins_login_logs` VALUES (303, 6, '171.221.143.47', 'Windows 7', '1920*1080', 'chrome 62.0.3202.94', '中国', '四川', '成都', 1523072505, 1, 1523072505, 1523072505, 1, 1);
INSERT INTO `vm_admins_login_logs` VALUES (304, 6, '171.221.0.121', 'Linux', '360*640', 'chrome 57.0.2987.132', '中国', '四川', '成都', 1523074279, 1, 1523074279, 1523074279, 1, 1);
INSERT INTO `vm_admins_login_logs` VALUES (305, 6, '171.221.0.121', 'Windows', '1920*1080', 'gecko /5.0 (windows nt 10.0; wow64; trident/7.0; .net4.0c; .net4.0e; .net clr 2.0.50727; .net clr 3.0.30729; .net clr 3.5.30729; infopath.3; rv:11.0) like gecko', '中国', '四川', '成都', 1523076371, 1, 1523076371, 1523076371, 1, 1);
INSERT INTO `vm_admins_login_logs` VALUES (306, 6, '171.221.0.121', 'Windows', '1920*1080', 'chrome 63.0.3239.108', '中国', '四川', '成都', 1523076452, 1, 1523076452, 1523076452, 1, 1);
INSERT INTO `vm_admins_login_logs` VALUES (307, 6, '171.221.0.121', 'Windows', '1920*1080', 'gecko /5.0 (windows nt 10.0; wow64; trident/7.0; .net4.0c; .net4.0e; .net clr 2.0.50727; .net clr 3.0.30729; .net clr 3.5.30729; infopath.3; rv:11.0) like gecko', '中国', '四川', '成都', 1523076481, 1, 1523076481, 1523076481, 1, 1);
INSERT INTO `vm_admins_login_logs` VALUES (308, 6, '171.221.0.121', 'Windows', '1920*1080', 'chrome 63.0.3239.108', '中国', '四川', '成都', 1523076872, 1, 1523076872, 1523076872, 1, 1);
INSERT INTO `vm_admins_login_logs` VALUES (309, 6, '171.221.143.47', 'Windows 7', '1920*1080', 'chrome 62.0.3202.94', '中国', '四川', '成都', 1523081480, 1, 1523081480, 1523081480, 1, 1);
INSERT INTO `vm_admins_login_logs` VALUES (310, 6, '171.221.143.47', 'Windows 7', '1920*1080', 'chrome 62.0.3202.94', '中国', '四川', '成都', 1523082915, 1, 1523082915, 1523082915, 1, 1);
INSERT INTO `vm_admins_login_logs` VALUES (311, 6, '171.221.143.47', 'Windows 7', '1920*1080', 'chrome 62.0.3202.94', '中国', '四川', '成都', 1523087026, 1, 1523087026, 1523087026, 1, 1);
INSERT INTO `vm_admins_login_logs` VALUES (312, 6, '171.221.143.47', 'Windows 7', '1920*1080', 'chrome 62.0.3202.94', '中国', '四川', '成都', 1523087046, 1, 1523087046, 1523087046, 1, 1);
INSERT INTO `vm_admins_login_logs` VALUES (313, 6, '171.221.143.47', 'Windows 7', '1920*1080', 'chrome 62.0.3202.94', '中国', '四川', '成都', 1523087121, 1, 1523087121, 1523087121, 1, 1);
INSERT INTO `vm_admins_login_logs` VALUES (314, 6, '171.221.143.47', 'Windows 7', '1920*1080', 'chrome 62.0.3202.94', '中国', '四川', '成都', 1523089336, 1, 1523089336, 1523089336, 1, 1);
INSERT INTO `vm_admins_login_logs` VALUES (315, 6, '171.221.143.47', 'Windows 7', '1920*1080', 'chrome 62.0.3202.94', '中国', '四川', '成都', 1523089997, 1, 1523089997, 1523089997, 1, 1);
INSERT INTO `vm_admins_login_logs` VALUES (316, 6, '171.221.143.47', 'Windows 7', '1920*1080', 'chrome 62.0.3202.94', '中国', '四川', '成都', 1523092716, 1, 1523092716, 1523092716, 1, 1);
INSERT INTO `vm_admins_login_logs` VALUES (317, 6, '171.221.143.47', 'Windows 7', '1920*1080', 'chrome 62.0.3202.94', '中国', '四川', '成都', 1523091327, 1, 1523091327, 1523091327, 1, 1);
INSERT INTO `vm_admins_login_logs` VALUES (318, 6, '171.221.143.47', 'Windows 7', '1920*1080', 'chrome 62.0.3202.94', '中国', '四川', '成都', 1523093157, 1, 1523093157, 1523093157, 1, 1);
INSERT INTO `vm_admins_login_logs` VALUES (319, 6, '171.221.143.47', 'Windows 7', '1920*1080', 'chrome 62.0.3202.94', '中国', '四川', '成都', 1523093313, 1, 1523093313, 1523093313, 1, 1);
INSERT INTO `vm_admins_login_logs` VALUES (320, 6, '171.221.143.47', 'Windows 7', '1920*1080', 'chrome 62.0.3202.94', '中国', '四川', '成都', 1523093420, 1, 1523093420, 1523093420, 1, 1);
INSERT INTO `vm_admins_login_logs` VALUES (321, 6, '171.221.143.47', 'Windows 7', '1920*1080', 'chrome 62.0.3202.94', '中国', '四川', '成都', 1523105717, 1, 1523105717, 1523105717, 1, 1);
INSERT INTO `vm_admins_login_logs` VALUES (322, 6, '171.221.143.47', 'Windows 7', '1920*1080', 'chrome 62.0.3202.94', '中国', '四川', '成都', 1523108403, 1, 1523108403, 1523108403, 1, 1);
INSERT INTO `vm_admins_login_logs` VALUES (323, 6, '171.221.143.47', 'Windows 7', '1920*1080', 'chrome 62.0.3202.94', '中国', '四川', '成都', 1523111312, 1, 1523111312, 1523111312, 1, 1);
INSERT INTO `vm_admins_login_logs` VALUES (324, 6, '171.221.0.121', 'Windows', '1920*1080', 'gecko /5.0 (windows nt 10.0; wow64; trident/7.0; .net4.0c; .net4.0e; .net clr 2.0.50727; .net clr 3.0.30729; .net clr 3.5.30729; infopath.3; rv:11.0) like gecko', '中国', '四川', '成都', 1523111840, 1, 1523111840, 1523111840, 1, 1);
INSERT INTO `vm_admins_login_logs` VALUES (325, 6, '171.221.0.121', 'Windows', '1920*1080', 'chrome 63.0.3239.108', '中国', '四川', '成都', 1523111910, 1, 1523111910, 1523111910, 1, 1);
INSERT INTO `vm_admins_login_logs` VALUES (326, 6, '171.221.0.121', 'Linux', '360*640', 'chrome 57.0.2987.132', '中国', '四川', '成都', 1523112229, 1, 1523112229, 1523112229, 1, 1);
INSERT INTO `vm_admins_login_logs` VALUES (327, 6, '171.221.0.121', 'Windows', '1920*1080', 'chrome 63.0.3239.108', '中国', '四川', '成都', 1523112294, 1, 1523112294, 1523112294, 1, 1);
INSERT INTO `vm_admins_login_logs` VALUES (328, 6, '171.221.0.121', 'Linux', '360*640', 'chrome 57.0.2987.132', '中国', '四川', '成都', 1523112364, 1, 1523112364, 1523112364, 1, 1);
INSERT INTO `vm_admins_login_logs` VALUES (329, 6, '171.221.143.47', 'Windows 7', '1920*1080', 'chrome 62.0.3202.94', '中国', '四川', '成都', 1523112491, 1, 1523112491, 1523112491, 1, 1);
INSERT INTO `vm_admins_login_logs` VALUES (330, 6, '171.221.0.121', 'Windows', '1920*1080', 'chrome 63.0.3239.108', '中国', '四川', '成都', 1523112523, 1, 1523112523, 1523112523, 1, 1);
INSERT INTO `vm_admins_login_logs` VALUES (331, 6, '171.221.143.47', 'Windows 7', '1920*1080', 'chrome 62.0.3202.94', '中国', '四川', '成都', 1523112537, 1, 1523112537, 1523112537, 1, 1);
INSERT INTO `vm_admins_login_logs` VALUES (332, 6, '171.221.0.121', 'Windows', '1920*1080', 'chrome 63.0.3239.108', '中国', '四川', '成都', 1523113214, 1, 1523113214, 1523113214, 1, 1);
INSERT INTO `vm_admins_login_logs` VALUES (333, 6, '171.221.143.47', 'Windows 7', '1920*1080', 'chrome 62.0.3202.94', '中国', '四川', '成都', 1523113240, 1, 1523113240, 1523113240, 1, 1);
INSERT INTO `vm_admins_login_logs` VALUES (334, 6, '171.221.143.47', 'Windows 7', '1920*1080', 'chrome 62.0.3202.94', '中国', '四川', '成都', 1523113241, 1, 1523113241, 1523113241, 1, 1);
INSERT INTO `vm_admins_login_logs` VALUES (335, 6, '171.221.143.47', 'Windows 7', '1920*1080', 'chrome 62.0.3202.94', '中国', '四川', '成都', 1523120154, 1, 1523120154, 1523120154, 1, 1);
INSERT INTO `vm_admins_login_logs` VALUES (336, 6, '171.221.143.47', 'Windows 7', '1920*1080', 'chrome 62.0.3202.94', '中国', '四川', '成都', 1523150516, 1, 1523150516, 1523150516, 1, 1);
INSERT INTO `vm_admins_login_logs` VALUES (337, 6, '171.221.143.47', 'Windows 7', '1920*1080', 'chrome 62.0.3202.94', '中国', '四川', '成都', 1523152982, 1, 1523152982, 1523152982, 1, 1);
INSERT INTO `vm_admins_login_logs` VALUES (338, 6, '171.221.143.47', 'Windows 7', '1920*1080', 'chrome 62.0.3202.94', '中国', '四川', '成都', 1523157910, 1, 1523157910, 1523157910, 1, 1);
INSERT INTO `vm_admins_login_logs` VALUES (339, 6, '171.221.143.47', 'Windows 7', '1920*1080', 'chrome 62.0.3202.94', '中国', '四川', '成都', 1523162641, 1, 1523162641, 1523162641, 1, 1);
INSERT INTO `vm_admins_login_logs` VALUES (340, 6, '171.221.143.47', 'Windows 7', '1920*1080', 'chrome 62.0.3202.94', '中国', '四川', '成都', 1523163338, 1, 1523163338, 1523163338, 1, 1);
INSERT INTO `vm_admins_login_logs` VALUES (341, 6, '171.221.143.47', 'Windows 7', '1920*1080', 'chrome 62.0.3202.94', '中国', '四川', '成都', 1523176803, 1, 1523176803, 1523176803, 1, 1);
INSERT INTO `vm_admins_login_logs` VALUES (342, 6, '171.221.143.47', 'Windows 7', '1920*1080', 'chrome 62.0.3202.94', '中国', '四川', '成都', 1523177638, 1, 1523177638, 1523177638, 1, 1);
INSERT INTO `vm_admins_login_logs` VALUES (343, 6, '171.221.143.47', 'Windows 7', '1920*1080', 'chrome 62.0.3202.94', '中国', '四川', '成都', 1523178094, 1, 1523178094, 1523178094, 1, 1);
INSERT INTO `vm_admins_login_logs` VALUES (344, 6, '171.221.143.47', 'Windows 7', '1920*1080', 'chrome 62.0.3202.94', '中国', '四川', '成都', 1523181287, 1, 1523181287, 1523181287, 1, 1);
INSERT INTO `vm_admins_login_logs` VALUES (345, 6, '171.221.143.47', 'Windows 7', '1920*1080', 'chrome 62.0.3202.94', '中国', '四川', '成都', 1523181541, 1, 1523181541, 1523181541, 1, 1);
INSERT INTO `vm_admins_login_logs` VALUES (346, 6, '171.221.143.47', 'Windows 7', '1920*1080', 'chrome 62.0.3202.94', '中国', '四川', '成都', 1523191400, 1, 1523191400, 1523191400, 1, 1);
INSERT INTO `vm_admins_login_logs` VALUES (347, 6, '171.221.143.47', 'Windows 7', '1920*1080', 'chrome 62.0.3202.94', '中国', '四川', '成都', 1523192617, 1, 1523192617, 1523192617, 1, 1);
INSERT INTO `vm_admins_login_logs` VALUES (348, 6, '171.221.143.47', 'Windows 7', '1920*1080', 'chrome 62.0.3202.94', '中国', '四川', '成都', 1523237711, 1, 1523237711, 1523237711, 1, 1);
INSERT INTO `vm_admins_login_logs` VALUES (349, 6, '171.221.143.47', 'Windows 7', '1920*1080', 'chrome 62.0.3202.94', '中国', '四川', '成都', 1523241354, 1, 1523241354, 1523241354, 1, 1);
INSERT INTO `vm_admins_login_logs` VALUES (350, 6, '171.221.143.47', 'Windows 7', '1920*1080', 'chrome 62.0.3202.94', '中国', '四川', '成都', 1523241650, 1, 1523241650, 1523241650, 1, 1);
INSERT INTO `vm_admins_login_logs` VALUES (351, 6, '171.221.143.47', 'Windows', '1920*1080', 'chrome 63.0.3239.132', '中国', '四川', '成都', 1523242009, 1, 1523242009, 1523242009, 1, 1);
INSERT INTO `vm_admins_login_logs` VALUES (352, 6, '171.221.143.47', 'Windows 7', '1920*1080', 'chrome 62.0.3202.94', '中国', '四川', '成都', 1523242110, 1, 1523242110, 1523242110, 1, 1);

-- ----------------------------
-- Table structure for vm_admins_roles_realation
-- ----------------------------
DROP TABLE IF EXISTS `vm_admins_roles_realation`;
CREATE TABLE `vm_admins_roles_realation`  (
  `id` bigint(20) UNSIGNED NOT NULL AUTO_INCREMENT COMMENT '自增主键',
  `create_time` int(10) UNSIGNED NOT NULL COMMENT '创建时间',
  `update_time` int(10) UNSIGNED NOT NULL COMMENT '更新时间',
  `is_deleted` tinyint(5) UNSIGNED NOT NULL DEFAULT 1 COMMENT '状态,1为no，2为yes',
  `status` tinyint(5) UNSIGNED NOT NULL DEFAULT 1 COMMENT '状态,1为正常，2为冻结',
  `role_id` bigint(20) NOT NULL COMMENT '角色id',
  `admin_id` bigint(20) NOT NULL COMMENT '管理员id',
  PRIMARY KEY (`id`) USING BTREE
) ENGINE = InnoDB AUTO_INCREMENT = 46 CHARACTER SET = utf8mb4 COLLATE = utf8mb4_bin ROW_FORMAT = Compact;

-- ----------------------------
-- Records of vm_admins_roles_realation
-- ----------------------------
INSERT INTO `vm_admins_roles_realation` VALUES (1, 1522050494, 1522050494, 2, 1, 1, 7);
INSERT INTO `vm_admins_roles_realation` VALUES (2, 1522050494, 1522050494, 2, 1, 2, 6);
INSERT INTO `vm_admins_roles_realation` VALUES (3, 1522050494, 1522050494, 2, 1, 3, 6);
INSERT INTO `vm_admins_roles_realation` VALUES (4, 1522050494, 1522050494, 2, 1, 1, 6);
INSERT INTO `vm_admins_roles_realation` VALUES (5, 1522050494, 1522050494, 2, 1, 2, 6);
INSERT INTO `vm_admins_roles_realation` VALUES (6, 1522050494, 1522050494, 2, 1, 1, 6);
INSERT INTO `vm_admins_roles_realation` VALUES (7, 1522050494, 1522050494, 2, 1, 2, 6);
INSERT INTO `vm_admins_roles_realation` VALUES (8, 1522050494, 1522050494, 2, 1, 3, 6);
INSERT INTO `vm_admins_roles_realation` VALUES (9, 1522050494, 1522050494, 2, 1, 1, 1);
INSERT INTO `vm_admins_roles_realation` VALUES (10, 1522050494, 1522050494, 2, 1, 2, 6);
INSERT INTO `vm_admins_roles_realation` VALUES (11, 1522050494, 1522050494, 2, 1, 3, 6);
INSERT INTO `vm_admins_roles_realation` VALUES (12, 1522050494, 1522050494, 2, 1, 1, 6);
INSERT INTO `vm_admins_roles_realation` VALUES (13, 1522050494, 1522050494, 2, 1, 1, 8);
INSERT INTO `vm_admins_roles_realation` VALUES (14, 1522050494, 1522050494, 2, 1, 2, 8);
INSERT INTO `vm_admins_roles_realation` VALUES (15, 1522050494, 1522050494, 2, 1, 1, 8);
INSERT INTO `vm_admins_roles_realation` VALUES (16, 1522050494, 1522050494, 2, 1, 2, 8);
INSERT INTO `vm_admins_roles_realation` VALUES (17, 1522050494, 1522050494, 2, 1, 2, 6);
INSERT INTO `vm_admins_roles_realation` VALUES (18, 1522050494, 1522050494, 2, 1, 2, 6);
INSERT INTO `vm_admins_roles_realation` VALUES (19, 1522050494, 1522050494, 2, 1, 2, 6);
INSERT INTO `vm_admins_roles_realation` VALUES (20, 1522050494, 1522050494, 2, 1, 2, 6);
INSERT INTO `vm_admins_roles_realation` VALUES (21, 1522287943, 1522287943, 2, 1, 2, 6);
INSERT INTO `vm_admins_roles_realation` VALUES (22, 1522287991, 1522287991, 2, 1, 1, 7);
INSERT INTO `vm_admins_roles_realation` VALUES (23, 1522287998, 1522287998, 2, 1, 2, 6);
INSERT INTO `vm_admins_roles_realation` VALUES (24, 1522288016, 1522288016, 1, 1, 2, 6);
INSERT INTO `vm_admins_roles_realation` VALUES (25, 1522291346, 1522291346, 2, 1, 1, 1);
INSERT INTO `vm_admins_roles_realation` VALUES (26, 1522291346, 1522291346, 2, 1, 2, 1);
INSERT INTO `vm_admins_roles_realation` VALUES (27, 1522291346, 1522291346, 2, 1, 3, 1);
INSERT INTO `vm_admins_roles_realation` VALUES (28, 1522293267, 1522293267, 2, 1, 1, 7);
INSERT INTO `vm_admins_roles_realation` VALUES (29, 1522293404, 1522293404, 1, 1, 1, 7);
INSERT INTO `vm_admins_roles_realation` VALUES (30, 1522293619, 1522293619, 2, 1, 3, 1);
INSERT INTO `vm_admins_roles_realation` VALUES (31, 1522293646, 1522293646, 2, 1, 3, 1);
INSERT INTO `vm_admins_roles_realation` VALUES (32, 1522386362, 1522386362, 2, 1, 5, 1);
INSERT INTO `vm_admins_roles_realation` VALUES (33, 1522387272, 1522387272, 2, 1, 5, 1);
INSERT INTO `vm_admins_roles_realation` VALUES (34, 1522387305, 1522387305, 2, 1, 5, 1);
INSERT INTO `vm_admins_roles_realation` VALUES (35, 1522388855, 1522388855, 2, 1, 3, 1);
INSERT INTO `vm_admins_roles_realation` VALUES (36, 1522388864, 1522388864, 2, 1, 3, 1);
INSERT INTO `vm_admins_roles_realation` VALUES (37, 1522388864, 1522388864, 2, 1, 5, 1);
INSERT INTO `vm_admins_roles_realation` VALUES (38, 1522388874, 1522388874, 2, 1, 5, 1);
INSERT INTO `vm_admins_roles_realation` VALUES (39, 1522388899, 1522388899, 2, 1, 5, 1);
INSERT INTO `vm_admins_roles_realation` VALUES (40, 1522388899, 1522388899, 2, 1, 3, 1);
INSERT INTO `vm_admins_roles_realation` VALUES (41, 1522390115, 1522390115, 2, 1, 3, 1);
INSERT INTO `vm_admins_roles_realation` VALUES (42, 1522390115, 1522390115, 2, 1, 5, 1);
INSERT INTO `vm_admins_roles_realation` VALUES (43, 1522390130, 1522390130, 2, 1, 3, 1);
INSERT INTO `vm_admins_roles_realation` VALUES (44, 1522390130, 1522390130, 2, 1, 5, 1);
INSERT INTO `vm_admins_roles_realation` VALUES (45, 1522390389, 1522390389, 1, 1, 3, 1);

-- ----------------------------
-- Table structure for vm_auths
-- ----------------------------
DROP TABLE IF EXISTS `vm_auths`;
CREATE TABLE `vm_auths`  (
  `id` bigint(20) UNSIGNED NOT NULL AUTO_INCREMENT COMMENT '自增主键',
  `auth_name` varchar(20) CHARACTER SET utf8mb4 COLLATE utf8mb4_bin NOT NULL COMMENT '资源名',
  `auth_code` varchar(255) CHARACTER SET utf8mb4 COLLATE utf8mb4_bin NOT NULL COMMENT '权限码,如user:add',
  `description` varchar(255) CHARACTER SET utf8mb4 COLLATE utf8mb4_bin NOT NULL COMMENT '用户密码，md5加密',
  `create_time` int(10) UNSIGNED NOT NULL COMMENT '创建时间',
  `update_time` int(10) UNSIGNED NOT NULL COMMENT '更新时间',
  `is_deleted` tinyint(5) UNSIGNED NOT NULL DEFAULT 1 COMMENT '状态,1为no，2为yes',
  `status` tinyint(5) UNSIGNED NOT NULL DEFAULT 1 COMMENT '状态,1为正常，2为冻结',
  PRIMARY KEY (`id`) USING BTREE
) ENGINE = InnoDB AUTO_INCREMENT = 35 CHARACTER SET = utf8mb4 COLLATE = utf8mb4_bin ROW_FORMAT = Compact;

-- ----------------------------
-- Records of vm_auths
-- ----------------------------
INSERT INTO `vm_auths` VALUES (1, '角色添加', 'role:add', '角色添加', 1522050494, 1522050494, 1, 1);
INSERT INTO `vm_auths` VALUES (2, '角色删除', 'role:delete', '角色删除', 1522050494, 1522050494, 1, 1);
INSERT INTO `vm_auths` VALUES (3, '角色查询', 'role:select', '角色查询', 1522050494, 1522050494, 1, 1);
INSERT INTO `vm_auths` VALUES (4, '角色修改', 'role:edit', '角色修改', 1522050494, 1522050494, 1, 1);
INSERT INTO `vm_auths` VALUES (5, '管理员添加', 'admin:add', '管理员添加', 1522050494, 1522050494, 1, 1);
INSERT INTO `vm_auths` VALUES (6, '管理员删除', 'admin:delete', '管理员删除', 1522050494, 1522050494, 1, 1);
INSERT INTO `vm_auths` VALUES (7, '管理员查询', 'admin:select', '管理员查询', 1522050494, 1522050494, 1, 1);
INSERT INTO `vm_auths` VALUES (8, '管理员修改', 'admin:edit', '管理员修改', 1522050494, 1522050494, 1, 1);
INSERT INTO `vm_auths` VALUES (9, '管理员登录记录查询', 'adminLoginLogs:select', '管理员登录记录查询', 1522050494, 1522050494, 1, 1);
INSERT INTO `vm_auths` VALUES (10, '用户添加', 'user:add', '用户添加', 1522050494, 1522050494, 1, 1);
INSERT INTO `vm_auths` VALUES (11, '用户删除', 'user:delete', '用户删除', 1522050494, 1522050494, 1, 1);
INSERT INTO `vm_auths` VALUES (12, '用户查询', 'user:select', '用户查询', 1522050494, 1522050494, 1, 1);
INSERT INTO `vm_auths` VALUES (13, '用户修改', 'user:edit', '用户修改', 1522050494, 1522050494, 1, 1);
INSERT INTO `vm_auths` VALUES (14, '用户登录记录查询', 'userLoginLogs:select', '用户登录记录查询', 1522050494, 1522050494, 1, 1);
INSERT INTO `vm_auths` VALUES (15, '电影人添加', 'filmmaker:add', '电影人添加', 1522050494, 1522050494, 1, 1);
INSERT INTO `vm_auths` VALUES (16, '电影人删除', 'filmmaker:delete', '电影人删除', 1522050494, 1522050494, 1, 1);
INSERT INTO `vm_auths` VALUES (17, '电影人查询', 'filmmaker:select', '电影人查询', 1522050494, 1522050494, 1, 1);
INSERT INTO `vm_auths` VALUES (18, '电影人修改', 'filmmaker:edit', '电影人修改', 1522050494, 1522050494, 1, 1);
INSERT INTO `vm_auths` VALUES (19, '电影添加', 'movie:add', '电影添加', 1522050494, 1522050494, 1, 1);
INSERT INTO `vm_auths` VALUES (20, '电影删除', 'movie:delete', '电影删除', 1522050494, 1522050494, 1, 1);
INSERT INTO `vm_auths` VALUES (21, '电影查询', 'movie:select', '电影查询', 1522050494, 1522050494, 1, 1);
INSERT INTO `vm_auths` VALUES (22, '电影修改', 'movie:edit', '电影修改', 1522050494, 1522050494, 1, 1);
INSERT INTO `vm_auths` VALUES (23, '电影资源添加', 'movieVersion:add', '电影资源添加', 1522050494, 1522050494, 1, 1);
INSERT INTO `vm_auths` VALUES (24, '电影资源删除', 'movieVersion:delete', '电影资源删除', 1522050494, 1522050494, 1, 1);
INSERT INTO `vm_auths` VALUES (25, '电影资源查询', 'movieVersion:select', '电影资源查询', 1522050494, 1522050494, 1, 1);
INSERT INTO `vm_auths` VALUES (26, '电影资源修改', 'movieVersion:edit', '电影资源修改', 1522050494, 1522050494, 1, 1);
INSERT INTO `vm_auths` VALUES (27, '标签分组添加', 'tagGroup:add', '标签分组添加', 1522050494, 1522050494, 1, 1);
INSERT INTO `vm_auths` VALUES (28, '标签分组删除', 'tagGroup:delete', '标签分组删除', 1522050494, 1522050494, 1, 1);
INSERT INTO `vm_auths` VALUES (29, '标签分组查询', 'tagGroup:select', '标签分组查询', 1522050494, 1522050494, 1, 1);
INSERT INTO `vm_auths` VALUES (30, '标签分组修改', 'tagGroup:edit', '标签分组修改', 1522050494, 1522050494, 1, 1);
INSERT INTO `vm_auths` VALUES (31, '标签添加', 'tag:add', '标签添加', 1522050494, 1522050494, 1, 1);
INSERT INTO `vm_auths` VALUES (32, '标签删除', 'tag:delete', '标签删除', 1522050494, 1522050494, 1, 1);
INSERT INTO `vm_auths` VALUES (33, '标签查询', 'tag:select', '标签查询', 1522050494, 1522050494, 1, 1);
INSERT INTO `vm_auths` VALUES (34, '标签修改', 'tag:edit', '标签修改', 1522050494, 1522050494, 1, 1);

-- ----------------------------
-- Table structure for vm_menus
-- ----------------------------
DROP TABLE IF EXISTS `vm_menus`;
CREATE TABLE `vm_menus`  (
  `id` bigint(20) UNSIGNED NOT NULL AUTO_INCREMENT COMMENT '自增主键',
  `menu_name` varchar(20) CHARACTER SET utf8mb4 COLLATE utf8mb4_bin NOT NULL COMMENT '资源名',
  `description` varchar(255) CHARACTER SET utf8mb4 COLLATE utf8mb4_bin DEFAULT NULL COMMENT '用户密码，md5加密',
  `create_time` int(10) UNSIGNED NOT NULL COMMENT '创建时间',
  `update_time` int(10) UNSIGNED NOT NULL COMMENT '更新时间',
  `is_deleted` tinyint(5) UNSIGNED NOT NULL DEFAULT 1 COMMENT '状态,1为no，2为yes',
  `status` tinyint(5) UNSIGNED NOT NULL DEFAULT 1 COMMENT '状态,1为正常，2为冻结',
  `key_prop` varchar(255) CHARACTER SET utf8mb4 COLLATE utf8mb4_bin DEFAULT NULL COMMENT '菜单key',
  `pid` bigint(20) DEFAULT NULL COMMENT '上级菜单的id',
  `is_leaf` tinyint(5) NOT NULL COMMENT '是否为叶子节点',
  `icon` varchar(255) CHARACTER SET utf8mb4 COLLATE utf8mb4_bin DEFAULT NULL COMMENT '图标',
  PRIMARY KEY (`id`) USING BTREE
) ENGINE = InnoDB AUTO_INCREMENT = 16 CHARACTER SET = utf8mb4 COLLATE = utf8mb4_bin ROW_FORMAT = Compact;

-- ----------------------------
-- Records of vm_menus
-- ----------------------------
INSERT INTO `vm_menus` VALUES (5, '用户管理', NULL, 1522050494, 1522050494, 1, 1, 'userMenu', NULL, 2, 'user');
INSERT INTO `vm_menus` VALUES (6, '用户管理', NULL, 1522050494, 1522050494, 1, 1, '/user', 5, 1, '');
INSERT INTO `vm_menus` VALUES (7, '登录记录', NULL, 1522050494, 1522050494, 1, 1, '/user/login/logs', 5, 1, '');
INSERT INTO `vm_menus` VALUES (8, '电影管理', NULL, 1522050494, 1522050494, 1, 1, 'movieMenu', NULL, 2, 'play-circle-o');
INSERT INTO `vm_menus` VALUES (9, '电影管理', NULL, 1522050494, 1522050494, 1, 1, '/movie', 8, 1, NULL);
INSERT INTO `vm_menus` VALUES (10, '电影人管理', NULL, 1522050494, 1522050494, 1, 1, '/movie/filmmaker', 8, 1, NULL);
INSERT INTO `vm_menus` VALUES (11, '标签分组管理', NULL, 1522050494, 1522050494, 1, 1, '/movie/tagGroup', 8, 1, NULL);
INSERT INTO `vm_menus` VALUES (12, '管理员管理', NULL, 1522050494, 1522050494, 1, 1, 'adminMenu', NULL, 2, 'lock');
INSERT INTO `vm_menus` VALUES (13, '管理员管理', '', 1522050494, 1522050494, 1, 1, '/admin', 12, 1, NULL);
INSERT INTO `vm_menus` VALUES (14, '登录记录', NULL, 1522050494, 1522050494, 1, 1, '/admin/login/logs', 12, 1, NULL);
INSERT INTO `vm_menus` VALUES (15, '角色管理', NULL, 1522050494, 1522050494, 1, 1, '/admin/role', 12, 1, NULL);

-- ----------------------------
-- Table structure for vm_roles
-- ----------------------------
DROP TABLE IF EXISTS `vm_roles`;
CREATE TABLE `vm_roles`  (
  `id` bigint(20) UNSIGNED NOT NULL AUTO_INCREMENT COMMENT '自增主键',
  `role_name` varchar(20) CHARACTER SET utf8mb4 COLLATE utf8mb4_bin NOT NULL COMMENT '唯一用户名',
  `description` varchar(255) CHARACTER SET utf8mb4 COLLATE utf8mb4_bin NOT NULL COMMENT '用户密码，md5加密',
  `create_time` int(10) UNSIGNED NOT NULL COMMENT '创建时间',
  `update_time` int(10) UNSIGNED NOT NULL COMMENT '更新时间',
  `is_deleted` tinyint(5) UNSIGNED NOT NULL DEFAULT 1 COMMENT '状态,1为no，2为yes',
  `status` tinyint(5) UNSIGNED NOT NULL DEFAULT 1 COMMENT '状态,1为正常，2为冻结',
  `immutable` tinyint(5) NOT NULL COMMENT '是否为内置不可变对象，1为是，2为否',
  PRIMARY KEY (`id`) USING BTREE
) ENGINE = InnoDB AUTO_INCREMENT = 6 CHARACTER SET = utf8mb4 COLLATE = utf8mb4_bin ROW_FORMAT = Compact;

-- ----------------------------
-- Records of vm_roles
-- ----------------------------
INSERT INTO `vm_roles` VALUES (1, '超级管理员组', '超级管理员组', 1522050494, 1522312940, 1, 1, 2);
INSERT INTO `vm_roles` VALUES (2, 'root', 'root组，拥有所有权限和菜单的角色', 1522050494, 1522404009, 1, 1, 1);
INSERT INTO `vm_roles` VALUES (3, 'guest', 'guest', 1522050494, 1523030446, 1, 1, 2);
INSERT INTO `vm_roles` VALUES (4, '123', '123', 1522294127, 1522294133, 1, 1, 2);
INSERT INTO `vm_roles` VALUES (5, 'r', '1', 1522386349, 1522390376, 1, 1, 2);

-- ----------------------------
-- Table structure for vm_roles_auths_realation
-- ----------------------------
DROP TABLE IF EXISTS `vm_roles_auths_realation`;
CREATE TABLE `vm_roles_auths_realation`  (
  `id` bigint(20) UNSIGNED NOT NULL AUTO_INCREMENT COMMENT '自增主键',
  `create_time` int(10) UNSIGNED NOT NULL COMMENT '创建时间',
  `update_time` int(10) UNSIGNED NOT NULL COMMENT '更新时间',
  `is_deleted` tinyint(5) UNSIGNED NOT NULL DEFAULT 1 COMMENT '状态,1为no，2为yes',
  `status` tinyint(5) UNSIGNED NOT NULL DEFAULT 1 COMMENT '状态,1为正常，2为冻结',
  `role_id` bigint(20) NOT NULL COMMENT '角色id',
  `auth_id` bigint(20) NOT NULL COMMENT '权限id',
  PRIMARY KEY (`id`) USING BTREE
) ENGINE = InnoDB AUTO_INCREMENT = 666 CHARACTER SET = utf8mb4 COLLATE = utf8mb4_bin ROW_FORMAT = Compact;

-- ----------------------------
-- Records of vm_roles_auths_realation
-- ----------------------------
INSERT INTO `vm_roles_auths_realation` VALUES (1, 1522050494, 1522050494, 2, 1, 1, 1);
INSERT INTO `vm_roles_auths_realation` VALUES (2, 1522050494, 1522050494, 2, 1, 1, 2);
INSERT INTO `vm_roles_auths_realation` VALUES (3, 1522050494, 1522050494, 2, 1, 1, 3);
INSERT INTO `vm_roles_auths_realation` VALUES (4, 1522050494, 1522050494, 2, 1, 1, 4);
INSERT INTO `vm_roles_auths_realation` VALUES (5, 1522050494, 1522050494, 2, 1, 1, 5);
INSERT INTO `vm_roles_auths_realation` VALUES (6, 1522050494, 1522050494, 2, 1, 1, 6);
INSERT INTO `vm_roles_auths_realation` VALUES (7, 1522050494, 1522050494, 2, 1, 1, 7);
INSERT INTO `vm_roles_auths_realation` VALUES (8, 1522050494, 1522050494, 2, 1, 1, 8);
INSERT INTO `vm_roles_auths_realation` VALUES (9, 1522050494, 1522050494, 2, 1, 1, 9);
INSERT INTO `vm_roles_auths_realation` VALUES (10, 1522050494, 1522050494, 2, 1, 1, 10);
INSERT INTO `vm_roles_auths_realation` VALUES (11, 1522050494, 1522050494, 2, 1, 1, 11);
INSERT INTO `vm_roles_auths_realation` VALUES (12, 1522050494, 1522050494, 2, 1, 1, 12);
INSERT INTO `vm_roles_auths_realation` VALUES (13, 1522050494, 1522050494, 2, 1, 1, 13);
INSERT INTO `vm_roles_auths_realation` VALUES (14, 1522050494, 1522050494, 2, 1, 1, 14);
INSERT INTO `vm_roles_auths_realation` VALUES (62, 1522243747, 1522243747, 2, 1, 2, 1);
INSERT INTO `vm_roles_auths_realation` VALUES (63, 1522243769, 1522243769, 2, 1, 2, 3);
INSERT INTO `vm_roles_auths_realation` VALUES (64, 1522244243, 1522244243, 2, 1, 2, 3);
INSERT INTO `vm_roles_auths_realation` VALUES (65, 1522244360, 1522244360, 2, 1, 2, 3);
INSERT INTO `vm_roles_auths_realation` VALUES (66, 1522245095, 1522245095, 2, 1, 2, 3);
INSERT INTO `vm_roles_auths_realation` VALUES (67, 1522246428, 1522246428, 2, 1, 2, 3);
INSERT INTO `vm_roles_auths_realation` VALUES (68, 1522246428, 1522246428, 2, 1, 2, 1);
INSERT INTO `vm_roles_auths_realation` VALUES (69, 1522246428, 1522246428, 2, 1, 2, 2);
INSERT INTO `vm_roles_auths_realation` VALUES (70, 1522246428, 1522246428, 2, 1, 2, 4);
INSERT INTO `vm_roles_auths_realation` VALUES (71, 1522246428, 1522246428, 2, 1, 2, 5);
INSERT INTO `vm_roles_auths_realation` VALUES (72, 1522246428, 1522246428, 2, 1, 2, 6);
INSERT INTO `vm_roles_auths_realation` VALUES (73, 1522246428, 1522246428, 2, 1, 2, 7);
INSERT INTO `vm_roles_auths_realation` VALUES (74, 1522246428, 1522246428, 2, 1, 2, 9);
INSERT INTO `vm_roles_auths_realation` VALUES (75, 1522246428, 1522246428, 2, 1, 2, 8);
INSERT INTO `vm_roles_auths_realation` VALUES (76, 1522246428, 1522246428, 2, 1, 2, 10);
INSERT INTO `vm_roles_auths_realation` VALUES (77, 1522246428, 1522246428, 2, 1, 2, 11);
INSERT INTO `vm_roles_auths_realation` VALUES (78, 1522246428, 1522246428, 2, 1, 2, 12);
INSERT INTO `vm_roles_auths_realation` VALUES (79, 1522246428, 1522246428, 2, 1, 2, 14);
INSERT INTO `vm_roles_auths_realation` VALUES (80, 1522246428, 1522246428, 2, 1, 2, 13);
INSERT INTO `vm_roles_auths_realation` VALUES (81, 1522246428, 1522246428, 2, 1, 2, 15);
INSERT INTO `vm_roles_auths_realation` VALUES (82, 1522246428, 1522246428, 2, 1, 2, 16);
INSERT INTO `vm_roles_auths_realation` VALUES (83, 1522246428, 1522246428, 2, 1, 2, 17);
INSERT INTO `vm_roles_auths_realation` VALUES (84, 1522246428, 1522246428, 2, 1, 2, 18);
INSERT INTO `vm_roles_auths_realation` VALUES (85, 1522246428, 1522246428, 2, 1, 2, 19);
INSERT INTO `vm_roles_auths_realation` VALUES (86, 1522246428, 1522246428, 2, 1, 2, 20);
INSERT INTO `vm_roles_auths_realation` VALUES (87, 1522246428, 1522246428, 2, 1, 2, 21);
INSERT INTO `vm_roles_auths_realation` VALUES (88, 1522246428, 1522246428, 2, 1, 2, 24);
INSERT INTO `vm_roles_auths_realation` VALUES (89, 1522246428, 1522246428, 2, 1, 2, 23);
INSERT INTO `vm_roles_auths_realation` VALUES (90, 1522246428, 1522246428, 2, 1, 2, 22);
INSERT INTO `vm_roles_auths_realation` VALUES (91, 1522246428, 1522246428, 2, 1, 2, 25);
INSERT INTO `vm_roles_auths_realation` VALUES (92, 1522246428, 1522246428, 2, 1, 2, 26);
INSERT INTO `vm_roles_auths_realation` VALUES (93, 1522246428, 1522246428, 2, 1, 2, 34);
INSERT INTO `vm_roles_auths_realation` VALUES (94, 1522246428, 1522246428, 2, 1, 2, 33);
INSERT INTO `vm_roles_auths_realation` VALUES (95, 1522246428, 1522246428, 2, 1, 2, 32);
INSERT INTO `vm_roles_auths_realation` VALUES (96, 1522246428, 1522246428, 2, 1, 2, 30);
INSERT INTO `vm_roles_auths_realation` VALUES (97, 1522246428, 1522246428, 2, 1, 2, 31);
INSERT INTO `vm_roles_auths_realation` VALUES (98, 1522246428, 1522246428, 2, 1, 2, 29);
INSERT INTO `vm_roles_auths_realation` VALUES (99, 1522246428, 1522246428, 2, 1, 2, 28);
INSERT INTO `vm_roles_auths_realation` VALUES (100, 1522246428, 1522246428, 2, 1, 2, 27);
INSERT INTO `vm_roles_auths_realation` VALUES (101, 1522246470, 1522246470, 2, 1, 2, 3);
INSERT INTO `vm_roles_auths_realation` VALUES (102, 1522246470, 1522246470, 2, 1, 2, 1);
INSERT INTO `vm_roles_auths_realation` VALUES (103, 1522246470, 1522246470, 2, 1, 2, 2);
INSERT INTO `vm_roles_auths_realation` VALUES (104, 1522246470, 1522246470, 2, 1, 2, 4);
INSERT INTO `vm_roles_auths_realation` VALUES (105, 1522246470, 1522246470, 2, 1, 2, 5);
INSERT INTO `vm_roles_auths_realation` VALUES (106, 1522246470, 1522246470, 2, 1, 2, 6);
INSERT INTO `vm_roles_auths_realation` VALUES (107, 1522246470, 1522246470, 2, 1, 2, 7);
INSERT INTO `vm_roles_auths_realation` VALUES (108, 1522246470, 1522246470, 2, 1, 2, 9);
INSERT INTO `vm_roles_auths_realation` VALUES (109, 1522246470, 1522246470, 2, 1, 2, 8);
INSERT INTO `vm_roles_auths_realation` VALUES (110, 1522246470, 1522246470, 2, 1, 2, 10);
INSERT INTO `vm_roles_auths_realation` VALUES (111, 1522246470, 1522246470, 2, 1, 2, 11);
INSERT INTO `vm_roles_auths_realation` VALUES (112, 1522246470, 1522246470, 2, 1, 2, 12);
INSERT INTO `vm_roles_auths_realation` VALUES (113, 1522246470, 1522246470, 2, 1, 2, 14);
INSERT INTO `vm_roles_auths_realation` VALUES (114, 1522246470, 1522246470, 2, 1, 2, 13);
INSERT INTO `vm_roles_auths_realation` VALUES (115, 1522246470, 1522246470, 2, 1, 2, 15);
INSERT INTO `vm_roles_auths_realation` VALUES (116, 1522246470, 1522246470, 2, 1, 2, 16);
INSERT INTO `vm_roles_auths_realation` VALUES (117, 1522246470, 1522246470, 2, 1, 2, 17);
INSERT INTO `vm_roles_auths_realation` VALUES (118, 1522246470, 1522246470, 2, 1, 2, 18);
INSERT INTO `vm_roles_auths_realation` VALUES (119, 1522246470, 1522246470, 2, 1, 2, 19);
INSERT INTO `vm_roles_auths_realation` VALUES (120, 1522246470, 1522246470, 2, 1, 2, 20);
INSERT INTO `vm_roles_auths_realation` VALUES (121, 1522246470, 1522246470, 2, 1, 2, 21);
INSERT INTO `vm_roles_auths_realation` VALUES (122, 1522246470, 1522246470, 2, 1, 2, 24);
INSERT INTO `vm_roles_auths_realation` VALUES (123, 1522246470, 1522246470, 2, 1, 2, 23);
INSERT INTO `vm_roles_auths_realation` VALUES (124, 1522246470, 1522246470, 2, 1, 2, 22);
INSERT INTO `vm_roles_auths_realation` VALUES (125, 1522246470, 1522246470, 2, 1, 2, 25);
INSERT INTO `vm_roles_auths_realation` VALUES (126, 1522246470, 1522246470, 2, 1, 2, 26);
INSERT INTO `vm_roles_auths_realation` VALUES (127, 1522246470, 1522246470, 2, 1, 2, 34);
INSERT INTO `vm_roles_auths_realation` VALUES (128, 1522246470, 1522246470, 2, 1, 2, 33);
INSERT INTO `vm_roles_auths_realation` VALUES (129, 1522246470, 1522246470, 2, 1, 2, 32);
INSERT INTO `vm_roles_auths_realation` VALUES (130, 1522246470, 1522246470, 2, 1, 2, 30);
INSERT INTO `vm_roles_auths_realation` VALUES (131, 1522246470, 1522246470, 2, 1, 2, 31);
INSERT INTO `vm_roles_auths_realation` VALUES (132, 1522246470, 1522246470, 2, 1, 2, 29);
INSERT INTO `vm_roles_auths_realation` VALUES (133, 1522246470, 1522246470, 2, 1, 2, 28);
INSERT INTO `vm_roles_auths_realation` VALUES (134, 1522246470, 1522246470, 2, 1, 2, 27);
INSERT INTO `vm_roles_auths_realation` VALUES (135, 1522246848, 1522246848, 2, 1, 2, 3);
INSERT INTO `vm_roles_auths_realation` VALUES (136, 1522246848, 1522246848, 2, 1, 2, 1);
INSERT INTO `vm_roles_auths_realation` VALUES (137, 1522246848, 1522246848, 2, 1, 2, 2);
INSERT INTO `vm_roles_auths_realation` VALUES (138, 1522246848, 1522246848, 2, 1, 2, 4);
INSERT INTO `vm_roles_auths_realation` VALUES (139, 1522246848, 1522246848, 2, 1, 2, 5);
INSERT INTO `vm_roles_auths_realation` VALUES (140, 1522246848, 1522246848, 2, 1, 2, 6);
INSERT INTO `vm_roles_auths_realation` VALUES (141, 1522246848, 1522246848, 2, 1, 2, 7);
INSERT INTO `vm_roles_auths_realation` VALUES (142, 1522246848, 1522246848, 2, 1, 2, 9);
INSERT INTO `vm_roles_auths_realation` VALUES (143, 1522246848, 1522246848, 2, 1, 2, 8);
INSERT INTO `vm_roles_auths_realation` VALUES (144, 1522246848, 1522246848, 2, 1, 2, 10);
INSERT INTO `vm_roles_auths_realation` VALUES (145, 1522246848, 1522246848, 2, 1, 2, 11);
INSERT INTO `vm_roles_auths_realation` VALUES (146, 1522246848, 1522246848, 2, 1, 2, 12);
INSERT INTO `vm_roles_auths_realation` VALUES (147, 1522246848, 1522246848, 2, 1, 2, 14);
INSERT INTO `vm_roles_auths_realation` VALUES (148, 1522246848, 1522246848, 2, 1, 2, 13);
INSERT INTO `vm_roles_auths_realation` VALUES (149, 1522246848, 1522246848, 2, 1, 2, 15);
INSERT INTO `vm_roles_auths_realation` VALUES (150, 1522246848, 1522246848, 2, 1, 2, 16);
INSERT INTO `vm_roles_auths_realation` VALUES (151, 1522246848, 1522246848, 2, 1, 2, 17);
INSERT INTO `vm_roles_auths_realation` VALUES (152, 1522246848, 1522246848, 2, 1, 2, 18);
INSERT INTO `vm_roles_auths_realation` VALUES (153, 1522246848, 1522246848, 2, 1, 2, 19);
INSERT INTO `vm_roles_auths_realation` VALUES (154, 1522246848, 1522246848, 2, 1, 2, 20);
INSERT INTO `vm_roles_auths_realation` VALUES (155, 1522246848, 1522246848, 2, 1, 2, 21);
INSERT INTO `vm_roles_auths_realation` VALUES (156, 1522246848, 1522246848, 2, 1, 2, 24);
INSERT INTO `vm_roles_auths_realation` VALUES (157, 1522246848, 1522246848, 2, 1, 2, 23);
INSERT INTO `vm_roles_auths_realation` VALUES (158, 1522246848, 1522246848, 2, 1, 2, 22);
INSERT INTO `vm_roles_auths_realation` VALUES (159, 1522246848, 1522246848, 2, 1, 2, 25);
INSERT INTO `vm_roles_auths_realation` VALUES (160, 1522246848, 1522246848, 2, 1, 2, 26);
INSERT INTO `vm_roles_auths_realation` VALUES (161, 1522246848, 1522246848, 2, 1, 2, 34);
INSERT INTO `vm_roles_auths_realation` VALUES (162, 1522246848, 1522246848, 2, 1, 2, 33);
INSERT INTO `vm_roles_auths_realation` VALUES (163, 1522246848, 1522246848, 2, 1, 2, 32);
INSERT INTO `vm_roles_auths_realation` VALUES (164, 1522246848, 1522246848, 2, 1, 2, 30);
INSERT INTO `vm_roles_auths_realation` VALUES (165, 1522246848, 1522246848, 2, 1, 2, 31);
INSERT INTO `vm_roles_auths_realation` VALUES (166, 1522246848, 1522246848, 2, 1, 2, 29);
INSERT INTO `vm_roles_auths_realation` VALUES (167, 1522246848, 1522246848, 2, 1, 2, 28);
INSERT INTO `vm_roles_auths_realation` VALUES (168, 1522246848, 1522246848, 2, 1, 2, 27);
INSERT INTO `vm_roles_auths_realation` VALUES (169, 1522246871, 1522246871, 2, 1, 2, 3);
INSERT INTO `vm_roles_auths_realation` VALUES (170, 1522246871, 1522246871, 2, 1, 2, 1);
INSERT INTO `vm_roles_auths_realation` VALUES (171, 1522246871, 1522246871, 2, 1, 2, 2);
INSERT INTO `vm_roles_auths_realation` VALUES (172, 1522246871, 1522246871, 2, 1, 2, 4);
INSERT INTO `vm_roles_auths_realation` VALUES (173, 1522246871, 1522246871, 2, 1, 2, 5);
INSERT INTO `vm_roles_auths_realation` VALUES (174, 1522246871, 1522246871, 2, 1, 2, 6);
INSERT INTO `vm_roles_auths_realation` VALUES (175, 1522246871, 1522246871, 2, 1, 2, 7);
INSERT INTO `vm_roles_auths_realation` VALUES (176, 1522246871, 1522246871, 2, 1, 2, 9);
INSERT INTO `vm_roles_auths_realation` VALUES (177, 1522246871, 1522246871, 2, 1, 2, 8);
INSERT INTO `vm_roles_auths_realation` VALUES (178, 1522246871, 1522246871, 2, 1, 2, 10);
INSERT INTO `vm_roles_auths_realation` VALUES (179, 1522246871, 1522246871, 2, 1, 2, 11);
INSERT INTO `vm_roles_auths_realation` VALUES (180, 1522246871, 1522246871, 2, 1, 2, 12);
INSERT INTO `vm_roles_auths_realation` VALUES (181, 1522246871, 1522246871, 2, 1, 2, 14);
INSERT INTO `vm_roles_auths_realation` VALUES (182, 1522246871, 1522246871, 2, 1, 2, 13);
INSERT INTO `vm_roles_auths_realation` VALUES (183, 1522246871, 1522246871, 2, 1, 2, 15);
INSERT INTO `vm_roles_auths_realation` VALUES (184, 1522246871, 1522246871, 2, 1, 2, 16);
INSERT INTO `vm_roles_auths_realation` VALUES (185, 1522246871, 1522246871, 2, 1, 2, 17);
INSERT INTO `vm_roles_auths_realation` VALUES (186, 1522246871, 1522246871, 2, 1, 2, 18);
INSERT INTO `vm_roles_auths_realation` VALUES (187, 1522246871, 1522246871, 2, 1, 2, 19);
INSERT INTO `vm_roles_auths_realation` VALUES (188, 1522246871, 1522246871, 2, 1, 2, 20);
INSERT INTO `vm_roles_auths_realation` VALUES (189, 1522246871, 1522246871, 2, 1, 2, 21);
INSERT INTO `vm_roles_auths_realation` VALUES (190, 1522246871, 1522246871, 2, 1, 2, 24);
INSERT INTO `vm_roles_auths_realation` VALUES (191, 1522246871, 1522246871, 2, 1, 2, 23);
INSERT INTO `vm_roles_auths_realation` VALUES (192, 1522246871, 1522246871, 2, 1, 2, 22);
INSERT INTO `vm_roles_auths_realation` VALUES (193, 1522246871, 1522246871, 2, 1, 2, 25);
INSERT INTO `vm_roles_auths_realation` VALUES (194, 1522246871, 1522246871, 2, 1, 2, 26);
INSERT INTO `vm_roles_auths_realation` VALUES (195, 1522246871, 1522246871, 2, 1, 2, 34);
INSERT INTO `vm_roles_auths_realation` VALUES (196, 1522246871, 1522246871, 2, 1, 2, 33);
INSERT INTO `vm_roles_auths_realation` VALUES (197, 1522246871, 1522246871, 2, 1, 2, 32);
INSERT INTO `vm_roles_auths_realation` VALUES (198, 1522246871, 1522246871, 2, 1, 2, 30);
INSERT INTO `vm_roles_auths_realation` VALUES (199, 1522246871, 1522246871, 2, 1, 2, 31);
INSERT INTO `vm_roles_auths_realation` VALUES (200, 1522246871, 1522246871, 2, 1, 2, 29);
INSERT INTO `vm_roles_auths_realation` VALUES (201, 1522246871, 1522246871, 2, 1, 2, 28);
INSERT INTO `vm_roles_auths_realation` VALUES (202, 1522246871, 1522246871, 2, 1, 2, 27);
INSERT INTO `vm_roles_auths_realation` VALUES (203, 1522287910, 1522287910, 2, 1, 2, 3);
INSERT INTO `vm_roles_auths_realation` VALUES (204, 1522287910, 1522287910, 2, 1, 2, 1);
INSERT INTO `vm_roles_auths_realation` VALUES (205, 1522287910, 1522287910, 2, 1, 2, 2);
INSERT INTO `vm_roles_auths_realation` VALUES (206, 1522287910, 1522287910, 2, 1, 2, 4);
INSERT INTO `vm_roles_auths_realation` VALUES (207, 1522287910, 1522287910, 2, 1, 2, 5);
INSERT INTO `vm_roles_auths_realation` VALUES (208, 1522287910, 1522287910, 2, 1, 2, 6);
INSERT INTO `vm_roles_auths_realation` VALUES (209, 1522287910, 1522287910, 2, 1, 2, 7);
INSERT INTO `vm_roles_auths_realation` VALUES (210, 1522287910, 1522287910, 2, 1, 2, 9);
INSERT INTO `vm_roles_auths_realation` VALUES (211, 1522287910, 1522287910, 2, 1, 2, 8);
INSERT INTO `vm_roles_auths_realation` VALUES (212, 1522287910, 1522287910, 2, 1, 2, 10);
INSERT INTO `vm_roles_auths_realation` VALUES (213, 1522287910, 1522287910, 2, 1, 2, 11);
INSERT INTO `vm_roles_auths_realation` VALUES (214, 1522287910, 1522287910, 2, 1, 2, 12);
INSERT INTO `vm_roles_auths_realation` VALUES (215, 1522287910, 1522287910, 2, 1, 2, 14);
INSERT INTO `vm_roles_auths_realation` VALUES (216, 1522287910, 1522287910, 2, 1, 2, 13);
INSERT INTO `vm_roles_auths_realation` VALUES (217, 1522287910, 1522287910, 2, 1, 2, 15);
INSERT INTO `vm_roles_auths_realation` VALUES (218, 1522287910, 1522287910, 2, 1, 2, 16);
INSERT INTO `vm_roles_auths_realation` VALUES (219, 1522287910, 1522287910, 2, 1, 2, 17);
INSERT INTO `vm_roles_auths_realation` VALUES (220, 1522287910, 1522287910, 2, 1, 2, 18);
INSERT INTO `vm_roles_auths_realation` VALUES (221, 1522287910, 1522287910, 2, 1, 2, 19);
INSERT INTO `vm_roles_auths_realation` VALUES (222, 1522287910, 1522287910, 2, 1, 2, 20);
INSERT INTO `vm_roles_auths_realation` VALUES (223, 1522287910, 1522287910, 2, 1, 2, 21);
INSERT INTO `vm_roles_auths_realation` VALUES (224, 1522287910, 1522287910, 2, 1, 2, 24);
INSERT INTO `vm_roles_auths_realation` VALUES (225, 1522287910, 1522287910, 2, 1, 2, 23);
INSERT INTO `vm_roles_auths_realation` VALUES (226, 1522287910, 1522287910, 2, 1, 2, 22);
INSERT INTO `vm_roles_auths_realation` VALUES (227, 1522287910, 1522287910, 2, 1, 2, 25);
INSERT INTO `vm_roles_auths_realation` VALUES (228, 1522287910, 1522287910, 2, 1, 2, 26);
INSERT INTO `vm_roles_auths_realation` VALUES (229, 1522287910, 1522287910, 2, 1, 2, 34);
INSERT INTO `vm_roles_auths_realation` VALUES (230, 1522287910, 1522287910, 2, 1, 2, 33);
INSERT INTO `vm_roles_auths_realation` VALUES (231, 1522287910, 1522287910, 2, 1, 2, 32);
INSERT INTO `vm_roles_auths_realation` VALUES (232, 1522287910, 1522287910, 2, 1, 2, 30);
INSERT INTO `vm_roles_auths_realation` VALUES (233, 1522287910, 1522287910, 2, 1, 2, 31);
INSERT INTO `vm_roles_auths_realation` VALUES (234, 1522287910, 1522287910, 2, 1, 2, 29);
INSERT INTO `vm_roles_auths_realation` VALUES (235, 1522287910, 1522287910, 2, 1, 2, 28);
INSERT INTO `vm_roles_auths_realation` VALUES (236, 1522287910, 1522287910, 2, 1, 2, 27);
INSERT INTO `vm_roles_auths_realation` VALUES (237, 1522288491, 1522288491, 2, 1, 1, 1);
INSERT INTO `vm_roles_auths_realation` VALUES (238, 1522288491, 1522288491, 2, 1, 1, 2);
INSERT INTO `vm_roles_auths_realation` VALUES (239, 1522288491, 1522288491, 2, 1, 1, 3);
INSERT INTO `vm_roles_auths_realation` VALUES (240, 1522288491, 1522288491, 2, 1, 1, 4);
INSERT INTO `vm_roles_auths_realation` VALUES (241, 1522288491, 1522288491, 2, 1, 1, 5);
INSERT INTO `vm_roles_auths_realation` VALUES (242, 1522288491, 1522288491, 2, 1, 1, 6);
INSERT INTO `vm_roles_auths_realation` VALUES (243, 1522288491, 1522288491, 2, 1, 1, 7);
INSERT INTO `vm_roles_auths_realation` VALUES (244, 1522288491, 1522288491, 2, 1, 1, 8);
INSERT INTO `vm_roles_auths_realation` VALUES (245, 1522288491, 1522288491, 2, 1, 1, 9);
INSERT INTO `vm_roles_auths_realation` VALUES (246, 1522288491, 1522288491, 2, 1, 1, 10);
INSERT INTO `vm_roles_auths_realation` VALUES (247, 1522288491, 1522288491, 2, 1, 1, 11);
INSERT INTO `vm_roles_auths_realation` VALUES (248, 1522288491, 1522288491, 2, 1, 1, 12);
INSERT INTO `vm_roles_auths_realation` VALUES (249, 1522288491, 1522288491, 2, 1, 1, 13);
INSERT INTO `vm_roles_auths_realation` VALUES (250, 1522288491, 1522288491, 2, 1, 1, 14);
INSERT INTO `vm_roles_auths_realation` VALUES (251, 1522288491, 1522288491, 2, 1, 1, 16);
INSERT INTO `vm_roles_auths_realation` VALUES (252, 1522288491, 1522288491, 2, 1, 1, 17);
INSERT INTO `vm_roles_auths_realation` VALUES (253, 1522288491, 1522288491, 2, 1, 1, 15);
INSERT INTO `vm_roles_auths_realation` VALUES (254, 1522288491, 1522288491, 2, 1, 1, 18);
INSERT INTO `vm_roles_auths_realation` VALUES (255, 1522288491, 1522288491, 2, 1, 1, 19);
INSERT INTO `vm_roles_auths_realation` VALUES (256, 1522288491, 1522288491, 2, 1, 1, 20);
INSERT INTO `vm_roles_auths_realation` VALUES (257, 1522288491, 1522288491, 2, 1, 1, 21);
INSERT INTO `vm_roles_auths_realation` VALUES (258, 1522288491, 1522288491, 2, 1, 1, 22);
INSERT INTO `vm_roles_auths_realation` VALUES (259, 1522288491, 1522288491, 2, 1, 1, 23);
INSERT INTO `vm_roles_auths_realation` VALUES (260, 1522288491, 1522288491, 2, 1, 1, 24);
INSERT INTO `vm_roles_auths_realation` VALUES (261, 1522288491, 1522288491, 2, 1, 1, 25);
INSERT INTO `vm_roles_auths_realation` VALUES (262, 1522288491, 1522288491, 2, 1, 1, 26);
INSERT INTO `vm_roles_auths_realation` VALUES (263, 1522288491, 1522288491, 2, 1, 1, 27);
INSERT INTO `vm_roles_auths_realation` VALUES (264, 1522288491, 1522288491, 2, 1, 1, 28);
INSERT INTO `vm_roles_auths_realation` VALUES (265, 1522288491, 1522288491, 2, 1, 1, 29);
INSERT INTO `vm_roles_auths_realation` VALUES (266, 1522288491, 1522288491, 2, 1, 1, 30);
INSERT INTO `vm_roles_auths_realation` VALUES (267, 1522288491, 1522288491, 2, 1, 1, 31);
INSERT INTO `vm_roles_auths_realation` VALUES (268, 1522288491, 1522288491, 2, 1, 1, 32);
INSERT INTO `vm_roles_auths_realation` VALUES (269, 1522288491, 1522288491, 2, 1, 1, 34);
INSERT INTO `vm_roles_auths_realation` VALUES (270, 1522288491, 1522288491, 2, 1, 1, 33);
INSERT INTO `vm_roles_auths_realation` VALUES (271, 1522293483, 1522293483, 2, 1, 1, 1);
INSERT INTO `vm_roles_auths_realation` VALUES (272, 1522293483, 1522293483, 2, 1, 1, 2);
INSERT INTO `vm_roles_auths_realation` VALUES (273, 1522293483, 1522293483, 2, 1, 1, 3);
INSERT INTO `vm_roles_auths_realation` VALUES (274, 1522293483, 1522293483, 2, 1, 1, 4);
INSERT INTO `vm_roles_auths_realation` VALUES (275, 1522293483, 1522293483, 2, 1, 1, 5);
INSERT INTO `vm_roles_auths_realation` VALUES (276, 1522293483, 1522293483, 2, 1, 1, 6);
INSERT INTO `vm_roles_auths_realation` VALUES (277, 1522293483, 1522293483, 2, 1, 1, 7);
INSERT INTO `vm_roles_auths_realation` VALUES (278, 1522293483, 1522293483, 2, 1, 1, 8);
INSERT INTO `vm_roles_auths_realation` VALUES (279, 1522293483, 1522293483, 2, 1, 1, 9);
INSERT INTO `vm_roles_auths_realation` VALUES (280, 1522293483, 1522293483, 2, 1, 1, 10);
INSERT INTO `vm_roles_auths_realation` VALUES (281, 1522293483, 1522293483, 2, 1, 1, 11);
INSERT INTO `vm_roles_auths_realation` VALUES (282, 1522293483, 1522293483, 2, 1, 1, 12);
INSERT INTO `vm_roles_auths_realation` VALUES (283, 1522293483, 1522293483, 2, 1, 1, 13);
INSERT INTO `vm_roles_auths_realation` VALUES (284, 1522293483, 1522293483, 2, 1, 1, 14);
INSERT INTO `vm_roles_auths_realation` VALUES (285, 1522293483, 1522293483, 2, 1, 1, 16);
INSERT INTO `vm_roles_auths_realation` VALUES (286, 1522293483, 1522293483, 2, 1, 1, 17);
INSERT INTO `vm_roles_auths_realation` VALUES (287, 1522293483, 1522293483, 2, 1, 1, 15);
INSERT INTO `vm_roles_auths_realation` VALUES (288, 1522293483, 1522293483, 2, 1, 1, 18);
INSERT INTO `vm_roles_auths_realation` VALUES (289, 1522293483, 1522293483, 2, 1, 1, 19);
INSERT INTO `vm_roles_auths_realation` VALUES (290, 1522293483, 1522293483, 2, 1, 1, 20);
INSERT INTO `vm_roles_auths_realation` VALUES (291, 1522293483, 1522293483, 2, 1, 1, 21);
INSERT INTO `vm_roles_auths_realation` VALUES (292, 1522293483, 1522293483, 2, 1, 1, 22);
INSERT INTO `vm_roles_auths_realation` VALUES (293, 1522293483, 1522293483, 2, 1, 1, 23);
INSERT INTO `vm_roles_auths_realation` VALUES (294, 1522293483, 1522293483, 2, 1, 1, 24);
INSERT INTO `vm_roles_auths_realation` VALUES (295, 1522293483, 1522293483, 2, 1, 1, 25);
INSERT INTO `vm_roles_auths_realation` VALUES (296, 1522293483, 1522293483, 2, 1, 1, 26);
INSERT INTO `vm_roles_auths_realation` VALUES (297, 1522293483, 1522293483, 2, 1, 1, 27);
INSERT INTO `vm_roles_auths_realation` VALUES (298, 1522293483, 1522293483, 2, 1, 1, 28);
INSERT INTO `vm_roles_auths_realation` VALUES (299, 1522293483, 1522293483, 2, 1, 1, 29);
INSERT INTO `vm_roles_auths_realation` VALUES (300, 1522293483, 1522293483, 2, 1, 1, 30);
INSERT INTO `vm_roles_auths_realation` VALUES (301, 1522293483, 1522293483, 2, 1, 1, 31);
INSERT INTO `vm_roles_auths_realation` VALUES (302, 1522293483, 1522293483, 2, 1, 1, 32);
INSERT INTO `vm_roles_auths_realation` VALUES (303, 1522293483, 1522293483, 2, 1, 1, 34);
INSERT INTO `vm_roles_auths_realation` VALUES (304, 1522293483, 1522293483, 2, 1, 1, 33);
INSERT INTO `vm_roles_auths_realation` VALUES (305, 1522293567, 1522293567, 2, 1, 3, 3);
INSERT INTO `vm_roles_auths_realation` VALUES (306, 1522293567, 1522293567, 2, 1, 3, 7);
INSERT INTO `vm_roles_auths_realation` VALUES (307, 1522293567, 1522293567, 2, 1, 3, 9);
INSERT INTO `vm_roles_auths_realation` VALUES (308, 1522293567, 1522293567, 2, 1, 3, 14);
INSERT INTO `vm_roles_auths_realation` VALUES (309, 1522293567, 1522293567, 2, 1, 3, 17);
INSERT INTO `vm_roles_auths_realation` VALUES (310, 1522293567, 1522293567, 2, 1, 3, 21);
INSERT INTO `vm_roles_auths_realation` VALUES (311, 1522293567, 1522293567, 2, 1, 3, 25);
INSERT INTO `vm_roles_auths_realation` VALUES (312, 1522293567, 1522293567, 2, 1, 3, 29);
INSERT INTO `vm_roles_auths_realation` VALUES (313, 1522293567, 1522293567, 2, 1, 3, 33);
INSERT INTO `vm_roles_auths_realation` VALUES (314, 1522293602, 1522293602, 2, 1, 3, 3);
INSERT INTO `vm_roles_auths_realation` VALUES (315, 1522293602, 1522293602, 2, 1, 3, 7);
INSERT INTO `vm_roles_auths_realation` VALUES (316, 1522293602, 1522293602, 2, 1, 3, 9);
INSERT INTO `vm_roles_auths_realation` VALUES (317, 1522293602, 1522293602, 2, 1, 3, 14);
INSERT INTO `vm_roles_auths_realation` VALUES (318, 1522293602, 1522293602, 2, 1, 3, 17);
INSERT INTO `vm_roles_auths_realation` VALUES (319, 1522293602, 1522293602, 2, 1, 3, 21);
INSERT INTO `vm_roles_auths_realation` VALUES (320, 1522293602, 1522293602, 2, 1, 3, 25);
INSERT INTO `vm_roles_auths_realation` VALUES (321, 1522293602, 1522293602, 2, 1, 3, 29);
INSERT INTO `vm_roles_auths_realation` VALUES (322, 1522293602, 1522293602, 2, 1, 3, 33);
INSERT INTO `vm_roles_auths_realation` VALUES (323, 1522293754, 1522293754, 2, 1, 3, 3);
INSERT INTO `vm_roles_auths_realation` VALUES (324, 1522293754, 1522293754, 2, 1, 3, 7);
INSERT INTO `vm_roles_auths_realation` VALUES (325, 1522293754, 1522293754, 2, 1, 3, 9);
INSERT INTO `vm_roles_auths_realation` VALUES (326, 1522293754, 1522293754, 2, 1, 3, 14);
INSERT INTO `vm_roles_auths_realation` VALUES (327, 1522293754, 1522293754, 2, 1, 3, 17);
INSERT INTO `vm_roles_auths_realation` VALUES (328, 1522293754, 1522293754, 2, 1, 3, 21);
INSERT INTO `vm_roles_auths_realation` VALUES (329, 1522293754, 1522293754, 2, 1, 3, 25);
INSERT INTO `vm_roles_auths_realation` VALUES (330, 1522293754, 1522293754, 2, 1, 3, 29);
INSERT INTO `vm_roles_auths_realation` VALUES (331, 1522293754, 1522293754, 2, 1, 3, 33);
INSERT INTO `vm_roles_auths_realation` VALUES (332, 1522294245, 1522294245, 2, 1, 3, 3);
INSERT INTO `vm_roles_auths_realation` VALUES (333, 1522294245, 1522294245, 2, 1, 3, 7);
INSERT INTO `vm_roles_auths_realation` VALUES (334, 1522294245, 1522294245, 2, 1, 3, 14);
INSERT INTO `vm_roles_auths_realation` VALUES (335, 1522294245, 1522294245, 2, 1, 3, 17);
INSERT INTO `vm_roles_auths_realation` VALUES (336, 1522294245, 1522294245, 2, 1, 3, 21);
INSERT INTO `vm_roles_auths_realation` VALUES (337, 1522294245, 1522294245, 2, 1, 3, 25);
INSERT INTO `vm_roles_auths_realation` VALUES (338, 1522294245, 1522294245, 2, 1, 3, 29);
INSERT INTO `vm_roles_auths_realation` VALUES (339, 1522294245, 1522294245, 2, 1, 3, 33);
INSERT INTO `vm_roles_auths_realation` VALUES (340, 1522298398, 1522298398, 2, 1, 3, 3);
INSERT INTO `vm_roles_auths_realation` VALUES (341, 1522298398, 1522298398, 2, 1, 3, 7);
INSERT INTO `vm_roles_auths_realation` VALUES (342, 1522298398, 1522298398, 2, 1, 3, 14);
INSERT INTO `vm_roles_auths_realation` VALUES (343, 1522298398, 1522298398, 2, 1, 3, 17);
INSERT INTO `vm_roles_auths_realation` VALUES (344, 1522298398, 1522298398, 2, 1, 3, 21);
INSERT INTO `vm_roles_auths_realation` VALUES (345, 1522298398, 1522298398, 2, 1, 3, 25);
INSERT INTO `vm_roles_auths_realation` VALUES (346, 1522298398, 1522298398, 2, 1, 3, 29);
INSERT INTO `vm_roles_auths_realation` VALUES (347, 1522298398, 1522298398, 2, 1, 3, 33);
INSERT INTO `vm_roles_auths_realation` VALUES (348, 1522298431, 1522298431, 2, 1, 3, 3);
INSERT INTO `vm_roles_auths_realation` VALUES (349, 1522298431, 1522298431, 2, 1, 3, 7);
INSERT INTO `vm_roles_auths_realation` VALUES (350, 1522298431, 1522298431, 2, 1, 3, 14);
INSERT INTO `vm_roles_auths_realation` VALUES (351, 1522298431, 1522298431, 2, 1, 3, 17);
INSERT INTO `vm_roles_auths_realation` VALUES (352, 1522298431, 1522298431, 2, 1, 3, 21);
INSERT INTO `vm_roles_auths_realation` VALUES (353, 1522298431, 1522298431, 2, 1, 3, 25);
INSERT INTO `vm_roles_auths_realation` VALUES (354, 1522298431, 1522298431, 2, 1, 3, 29);
INSERT INTO `vm_roles_auths_realation` VALUES (355, 1522298431, 1522298431, 2, 1, 3, 33);
INSERT INTO `vm_roles_auths_realation` VALUES (356, 1522302748, 1522302748, 2, 1, 3, 3);
INSERT INTO `vm_roles_auths_realation` VALUES (357, 1522302748, 1522302748, 2, 1, 3, 14);
INSERT INTO `vm_roles_auths_realation` VALUES (358, 1522302748, 1522302748, 2, 1, 3, 17);
INSERT INTO `vm_roles_auths_realation` VALUES (359, 1522302748, 1522302748, 2, 1, 3, 21);
INSERT INTO `vm_roles_auths_realation` VALUES (360, 1522302748, 1522302748, 2, 1, 3, 25);
INSERT INTO `vm_roles_auths_realation` VALUES (361, 1522302748, 1522302748, 2, 1, 3, 29);
INSERT INTO `vm_roles_auths_realation` VALUES (362, 1522302748, 1522302748, 2, 1, 3, 33);
INSERT INTO `vm_roles_auths_realation` VALUES (363, 1522302781, 1522302781, 2, 1, 3, 3);
INSERT INTO `vm_roles_auths_realation` VALUES (364, 1522302781, 1522302781, 2, 1, 3, 14);
INSERT INTO `vm_roles_auths_realation` VALUES (365, 1522302781, 1522302781, 2, 1, 3, 17);
INSERT INTO `vm_roles_auths_realation` VALUES (366, 1522302781, 1522302781, 2, 1, 3, 21);
INSERT INTO `vm_roles_auths_realation` VALUES (367, 1522302781, 1522302781, 2, 1, 3, 25);
INSERT INTO `vm_roles_auths_realation` VALUES (368, 1522302781, 1522302781, 2, 1, 3, 29);
INSERT INTO `vm_roles_auths_realation` VALUES (369, 1522302781, 1522302781, 2, 1, 3, 33);
INSERT INTO `vm_roles_auths_realation` VALUES (370, 1522302781, 1522302781, 2, 1, 3, 9);
INSERT INTO `vm_roles_auths_realation` VALUES (371, 1522302795, 1522302795, 2, 1, 3, 3);
INSERT INTO `vm_roles_auths_realation` VALUES (372, 1522302795, 1522302795, 2, 1, 3, 14);
INSERT INTO `vm_roles_auths_realation` VALUES (373, 1522302795, 1522302795, 2, 1, 3, 17);
INSERT INTO `vm_roles_auths_realation` VALUES (374, 1522302795, 1522302795, 2, 1, 3, 21);
INSERT INTO `vm_roles_auths_realation` VALUES (375, 1522302795, 1522302795, 2, 1, 3, 25);
INSERT INTO `vm_roles_auths_realation` VALUES (376, 1522302795, 1522302795, 2, 1, 3, 29);
INSERT INTO `vm_roles_auths_realation` VALUES (377, 1522302795, 1522302795, 2, 1, 3, 33);
INSERT INTO `vm_roles_auths_realation` VALUES (378, 1522312930, 1522312930, 2, 1, 1, 1);
INSERT INTO `vm_roles_auths_realation` VALUES (379, 1522312930, 1522312930, 2, 1, 1, 2);
INSERT INTO `vm_roles_auths_realation` VALUES (380, 1522312930, 1522312930, 2, 1, 1, 3);
INSERT INTO `vm_roles_auths_realation` VALUES (381, 1522312930, 1522312930, 2, 1, 1, 4);
INSERT INTO `vm_roles_auths_realation` VALUES (382, 1522312930, 1522312930, 2, 1, 1, 5);
INSERT INTO `vm_roles_auths_realation` VALUES (383, 1522312930, 1522312930, 2, 1, 1, 6);
INSERT INTO `vm_roles_auths_realation` VALUES (384, 1522312930, 1522312930, 2, 1, 1, 7);
INSERT INTO `vm_roles_auths_realation` VALUES (385, 1522312930, 1522312930, 2, 1, 1, 8);
INSERT INTO `vm_roles_auths_realation` VALUES (386, 1522312930, 1522312930, 2, 1, 1, 9);
INSERT INTO `vm_roles_auths_realation` VALUES (387, 1522312930, 1522312930, 2, 1, 1, 10);
INSERT INTO `vm_roles_auths_realation` VALUES (388, 1522312930, 1522312930, 2, 1, 1, 11);
INSERT INTO `vm_roles_auths_realation` VALUES (389, 1522312930, 1522312930, 2, 1, 1, 12);
INSERT INTO `vm_roles_auths_realation` VALUES (390, 1522312930, 1522312930, 2, 1, 1, 13);
INSERT INTO `vm_roles_auths_realation` VALUES (391, 1522312930, 1522312930, 2, 1, 1, 14);
INSERT INTO `vm_roles_auths_realation` VALUES (392, 1522312930, 1522312930, 2, 1, 1, 16);
INSERT INTO `vm_roles_auths_realation` VALUES (393, 1522312930, 1522312930, 2, 1, 1, 17);
INSERT INTO `vm_roles_auths_realation` VALUES (394, 1522312930, 1522312930, 2, 1, 1, 15);
INSERT INTO `vm_roles_auths_realation` VALUES (395, 1522312930, 1522312930, 2, 1, 1, 18);
INSERT INTO `vm_roles_auths_realation` VALUES (396, 1522312930, 1522312930, 2, 1, 1, 19);
INSERT INTO `vm_roles_auths_realation` VALUES (397, 1522312930, 1522312930, 2, 1, 1, 20);
INSERT INTO `vm_roles_auths_realation` VALUES (398, 1522312930, 1522312930, 2, 1, 1, 21);
INSERT INTO `vm_roles_auths_realation` VALUES (399, 1522312930, 1522312930, 2, 1, 1, 22);
INSERT INTO `vm_roles_auths_realation` VALUES (400, 1522312930, 1522312930, 2, 1, 1, 23);
INSERT INTO `vm_roles_auths_realation` VALUES (401, 1522312930, 1522312930, 2, 1, 1, 24);
INSERT INTO `vm_roles_auths_realation` VALUES (402, 1522312930, 1522312930, 2, 1, 1, 25);
INSERT INTO `vm_roles_auths_realation` VALUES (403, 1522312930, 1522312930, 2, 1, 1, 26);
INSERT INTO `vm_roles_auths_realation` VALUES (404, 1522312930, 1522312930, 2, 1, 1, 27);
INSERT INTO `vm_roles_auths_realation` VALUES (405, 1522312930, 1522312930, 2, 1, 1, 28);
INSERT INTO `vm_roles_auths_realation` VALUES (406, 1522312930, 1522312930, 2, 1, 1, 29);
INSERT INTO `vm_roles_auths_realation` VALUES (407, 1522312930, 1522312930, 2, 1, 1, 30);
INSERT INTO `vm_roles_auths_realation` VALUES (408, 1522312930, 1522312930, 2, 1, 1, 31);
INSERT INTO `vm_roles_auths_realation` VALUES (409, 1522312930, 1522312930, 2, 1, 1, 32);
INSERT INTO `vm_roles_auths_realation` VALUES (410, 1522312930, 1522312930, 2, 1, 1, 34);
INSERT INTO `vm_roles_auths_realation` VALUES (411, 1522312930, 1522312930, 2, 1, 1, 33);
INSERT INTO `vm_roles_auths_realation` VALUES (412, 1522312940, 1522312940, 1, 1, 1, 1);
INSERT INTO `vm_roles_auths_realation` VALUES (413, 1522312940, 1522312940, 1, 1, 1, 2);
INSERT INTO `vm_roles_auths_realation` VALUES (414, 1522312940, 1522312940, 1, 1, 1, 3);
INSERT INTO `vm_roles_auths_realation` VALUES (415, 1522312940, 1522312940, 1, 1, 1, 4);
INSERT INTO `vm_roles_auths_realation` VALUES (416, 1522312940, 1522312940, 1, 1, 1, 5);
INSERT INTO `vm_roles_auths_realation` VALUES (417, 1522312940, 1522312940, 1, 1, 1, 6);
INSERT INTO `vm_roles_auths_realation` VALUES (418, 1522312940, 1522312940, 1, 1, 1, 7);
INSERT INTO `vm_roles_auths_realation` VALUES (419, 1522312940, 1522312940, 1, 1, 1, 8);
INSERT INTO `vm_roles_auths_realation` VALUES (420, 1522312940, 1522312940, 1, 1, 1, 9);
INSERT INTO `vm_roles_auths_realation` VALUES (421, 1522312940, 1522312940, 1, 1, 1, 10);
INSERT INTO `vm_roles_auths_realation` VALUES (422, 1522312940, 1522312940, 1, 1, 1, 11);
INSERT INTO `vm_roles_auths_realation` VALUES (423, 1522312940, 1522312940, 1, 1, 1, 12);
INSERT INTO `vm_roles_auths_realation` VALUES (424, 1522312940, 1522312940, 1, 1, 1, 13);
INSERT INTO `vm_roles_auths_realation` VALUES (425, 1522312940, 1522312940, 1, 1, 1, 14);
INSERT INTO `vm_roles_auths_realation` VALUES (426, 1522312940, 1522312940, 1, 1, 1, 16);
INSERT INTO `vm_roles_auths_realation` VALUES (427, 1522312940, 1522312940, 1, 1, 1, 17);
INSERT INTO `vm_roles_auths_realation` VALUES (428, 1522312940, 1522312940, 1, 1, 1, 15);
INSERT INTO `vm_roles_auths_realation` VALUES (429, 1522312940, 1522312940, 1, 1, 1, 18);
INSERT INTO `vm_roles_auths_realation` VALUES (430, 1522312940, 1522312940, 1, 1, 1, 19);
INSERT INTO `vm_roles_auths_realation` VALUES (431, 1522312940, 1522312940, 1, 1, 1, 20);
INSERT INTO `vm_roles_auths_realation` VALUES (432, 1522312940, 1522312940, 1, 1, 1, 21);
INSERT INTO `vm_roles_auths_realation` VALUES (433, 1522312940, 1522312940, 1, 1, 1, 22);
INSERT INTO `vm_roles_auths_realation` VALUES (434, 1522312940, 1522312940, 1, 1, 1, 23);
INSERT INTO `vm_roles_auths_realation` VALUES (435, 1522312940, 1522312940, 1, 1, 1, 24);
INSERT INTO `vm_roles_auths_realation` VALUES (436, 1522312940, 1522312940, 1, 1, 1, 25);
INSERT INTO `vm_roles_auths_realation` VALUES (437, 1522312940, 1522312940, 1, 1, 1, 26);
INSERT INTO `vm_roles_auths_realation` VALUES (438, 1522312940, 1522312940, 1, 1, 1, 27);
INSERT INTO `vm_roles_auths_realation` VALUES (439, 1522312940, 1522312940, 1, 1, 1, 28);
INSERT INTO `vm_roles_auths_realation` VALUES (440, 1522312940, 1522312940, 1, 1, 1, 29);
INSERT INTO `vm_roles_auths_realation` VALUES (441, 1522312940, 1522312940, 1, 1, 1, 30);
INSERT INTO `vm_roles_auths_realation` VALUES (442, 1522312940, 1522312940, 1, 1, 1, 31);
INSERT INTO `vm_roles_auths_realation` VALUES (443, 1522312940, 1522312940, 1, 1, 1, 32);
INSERT INTO `vm_roles_auths_realation` VALUES (444, 1522312940, 1522312940, 1, 1, 1, 34);
INSERT INTO `vm_roles_auths_realation` VALUES (445, 1522312940, 1522312940, 1, 1, 1, 33);
INSERT INTO `vm_roles_auths_realation` VALUES (446, 1522386268, 1522386268, 2, 1, 3, 3);
INSERT INTO `vm_roles_auths_realation` VALUES (447, 1522386268, 1522386268, 2, 1, 3, 14);
INSERT INTO `vm_roles_auths_realation` VALUES (448, 1522386268, 1522386268, 2, 1, 3, 17);
INSERT INTO `vm_roles_auths_realation` VALUES (449, 1522386268, 1522386268, 2, 1, 3, 21);
INSERT INTO `vm_roles_auths_realation` VALUES (450, 1522386268, 1522386268, 2, 1, 3, 25);
INSERT INTO `vm_roles_auths_realation` VALUES (451, 1522386268, 1522386268, 2, 1, 3, 29);
INSERT INTO `vm_roles_auths_realation` VALUES (452, 1522386268, 1522386268, 2, 1, 3, 33);
INSERT INTO `vm_roles_auths_realation` VALUES (453, 1522386292, 1522386292, 2, 1, 3, 3);
INSERT INTO `vm_roles_auths_realation` VALUES (454, 1522386292, 1522386292, 2, 1, 3, 14);
INSERT INTO `vm_roles_auths_realation` VALUES (455, 1522386292, 1522386292, 2, 1, 3, 17);
INSERT INTO `vm_roles_auths_realation` VALUES (456, 1522386292, 1522386292, 2, 1, 3, 21);
INSERT INTO `vm_roles_auths_realation` VALUES (457, 1522386292, 1522386292, 2, 1, 3, 25);
INSERT INTO `vm_roles_auths_realation` VALUES (458, 1522386292, 1522386292, 2, 1, 3, 29);
INSERT INTO `vm_roles_auths_realation` VALUES (459, 1522386292, 1522386292, 2, 1, 3, 33);
INSERT INTO `vm_roles_auths_realation` VALUES (460, 1522386308, 1522386308, 2, 1, 3, 3);
INSERT INTO `vm_roles_auths_realation` VALUES (461, 1522386308, 1522386308, 2, 1, 3, 14);
INSERT INTO `vm_roles_auths_realation` VALUES (462, 1522386308, 1522386308, 2, 1, 3, 17);
INSERT INTO `vm_roles_auths_realation` VALUES (463, 1522386308, 1522386308, 2, 1, 3, 21);
INSERT INTO `vm_roles_auths_realation` VALUES (464, 1522386308, 1522386308, 2, 1, 3, 25);
INSERT INTO `vm_roles_auths_realation` VALUES (465, 1522386308, 1522386308, 2, 1, 3, 29);
INSERT INTO `vm_roles_auths_realation` VALUES (466, 1522386308, 1522386308, 2, 1, 3, 33);
INSERT INTO `vm_roles_auths_realation` VALUES (467, 1522386335, 1522386335, 2, 1, 3, 3);
INSERT INTO `vm_roles_auths_realation` VALUES (468, 1522386335, 1522386335, 2, 1, 3, 14);
INSERT INTO `vm_roles_auths_realation` VALUES (469, 1522386335, 1522386335, 2, 1, 3, 17);
INSERT INTO `vm_roles_auths_realation` VALUES (470, 1522386335, 1522386335, 2, 1, 3, 21);
INSERT INTO `vm_roles_auths_realation` VALUES (471, 1522386335, 1522386335, 2, 1, 3, 25);
INSERT INTO `vm_roles_auths_realation` VALUES (472, 1522386335, 1522386335, 2, 1, 3, 29);
INSERT INTO `vm_roles_auths_realation` VALUES (473, 1522386335, 1522386335, 2, 1, 3, 33);
INSERT INTO `vm_roles_auths_realation` VALUES (474, 1522388913, 1522388913, 2, 1, 3, 3);
INSERT INTO `vm_roles_auths_realation` VALUES (475, 1522388913, 1522388913, 2, 1, 3, 14);
INSERT INTO `vm_roles_auths_realation` VALUES (476, 1522388913, 1522388913, 2, 1, 3, 17);
INSERT INTO `vm_roles_auths_realation` VALUES (477, 1522388913, 1522388913, 2, 1, 3, 21);
INSERT INTO `vm_roles_auths_realation` VALUES (478, 1522388913, 1522388913, 2, 1, 3, 25);
INSERT INTO `vm_roles_auths_realation` VALUES (479, 1522388913, 1522388913, 2, 1, 3, 29);
INSERT INTO `vm_roles_auths_realation` VALUES (480, 1522388913, 1522388913, 2, 1, 3, 33);
INSERT INTO `vm_roles_auths_realation` VALUES (481, 1522389085, 1522389085, 2, 1, 3, 3);
INSERT INTO `vm_roles_auths_realation` VALUES (482, 1522389085, 1522389085, 2, 1, 3, 14);
INSERT INTO `vm_roles_auths_realation` VALUES (483, 1522389085, 1522389085, 2, 1, 3, 17);
INSERT INTO `vm_roles_auths_realation` VALUES (484, 1522389085, 1522389085, 2, 1, 3, 21);
INSERT INTO `vm_roles_auths_realation` VALUES (485, 1522389085, 1522389085, 2, 1, 3, 25);
INSERT INTO `vm_roles_auths_realation` VALUES (486, 1522389085, 1522389085, 2, 1, 3, 29);
INSERT INTO `vm_roles_auths_realation` VALUES (487, 1522389085, 1522389085, 2, 1, 3, 33);
INSERT INTO `vm_roles_auths_realation` VALUES (488, 1522389105, 1522389105, 2, 1, 3, 3);
INSERT INTO `vm_roles_auths_realation` VALUES (489, 1522389105, 1522389105, 2, 1, 3, 14);
INSERT INTO `vm_roles_auths_realation` VALUES (490, 1522389105, 1522389105, 2, 1, 3, 17);
INSERT INTO `vm_roles_auths_realation` VALUES (491, 1522389105, 1522389105, 2, 1, 3, 21);
INSERT INTO `vm_roles_auths_realation` VALUES (492, 1522389105, 1522389105, 2, 1, 3, 25);
INSERT INTO `vm_roles_auths_realation` VALUES (493, 1522389105, 1522389105, 2, 1, 3, 29);
INSERT INTO `vm_roles_auths_realation` VALUES (494, 1522389105, 1522389105, 2, 1, 3, 33);
INSERT INTO `vm_roles_auths_realation` VALUES (495, 1522389173, 1522389173, 2, 1, 3, 3);
INSERT INTO `vm_roles_auths_realation` VALUES (496, 1522389173, 1522389173, 2, 1, 3, 14);
INSERT INTO `vm_roles_auths_realation` VALUES (497, 1522389173, 1522389173, 2, 1, 3, 17);
INSERT INTO `vm_roles_auths_realation` VALUES (498, 1522389173, 1522389173, 2, 1, 3, 21);
INSERT INTO `vm_roles_auths_realation` VALUES (499, 1522389173, 1522389173, 2, 1, 3, 25);
INSERT INTO `vm_roles_auths_realation` VALUES (500, 1522389173, 1522389173, 2, 1, 3, 29);
INSERT INTO `vm_roles_auths_realation` VALUES (501, 1522389173, 1522389173, 2, 1, 3, 33);
INSERT INTO `vm_roles_auths_realation` VALUES (502, 1522389196, 1522389196, 2, 1, 3, 3);
INSERT INTO `vm_roles_auths_realation` VALUES (503, 1522389196, 1522389196, 2, 1, 3, 14);
INSERT INTO `vm_roles_auths_realation` VALUES (504, 1522389196, 1522389196, 2, 1, 3, 17);
INSERT INTO `vm_roles_auths_realation` VALUES (505, 1522389196, 1522389196, 2, 1, 3, 21);
INSERT INTO `vm_roles_auths_realation` VALUES (506, 1522389196, 1522389196, 2, 1, 3, 25);
INSERT INTO `vm_roles_auths_realation` VALUES (507, 1522389196, 1522389196, 2, 1, 3, 29);
INSERT INTO `vm_roles_auths_realation` VALUES (508, 1522389196, 1522389196, 2, 1, 3, 33);
INSERT INTO `vm_roles_auths_realation` VALUES (509, 1522389318, 1522389318, 2, 1, 3, 3);
INSERT INTO `vm_roles_auths_realation` VALUES (510, 1522389318, 1522389318, 2, 1, 3, 14);
INSERT INTO `vm_roles_auths_realation` VALUES (511, 1522389318, 1522389318, 2, 1, 3, 17);
INSERT INTO `vm_roles_auths_realation` VALUES (512, 1522389318, 1522389318, 2, 1, 3, 21);
INSERT INTO `vm_roles_auths_realation` VALUES (513, 1522389318, 1522389318, 2, 1, 3, 25);
INSERT INTO `vm_roles_auths_realation` VALUES (514, 1522389318, 1522389318, 2, 1, 3, 29);
INSERT INTO `vm_roles_auths_realation` VALUES (515, 1522389318, 1522389318, 2, 1, 3, 33);
INSERT INTO `vm_roles_auths_realation` VALUES (516, 1522389335, 1522389335, 2, 1, 3, 3);
INSERT INTO `vm_roles_auths_realation` VALUES (517, 1522389335, 1522389335, 2, 1, 3, 14);
INSERT INTO `vm_roles_auths_realation` VALUES (518, 1522389335, 1522389335, 2, 1, 3, 17);
INSERT INTO `vm_roles_auths_realation` VALUES (519, 1522389335, 1522389335, 2, 1, 3, 21);
INSERT INTO `vm_roles_auths_realation` VALUES (520, 1522389335, 1522389335, 2, 1, 3, 25);
INSERT INTO `vm_roles_auths_realation` VALUES (521, 1522389335, 1522389335, 2, 1, 3, 29);
INSERT INTO `vm_roles_auths_realation` VALUES (522, 1522389335, 1522389335, 2, 1, 3, 33);
INSERT INTO `vm_roles_auths_realation` VALUES (523, 1522389380, 1522389380, 2, 1, 3, 3);
INSERT INTO `vm_roles_auths_realation` VALUES (524, 1522389380, 1522389380, 2, 1, 3, 14);
INSERT INTO `vm_roles_auths_realation` VALUES (525, 1522389380, 1522389380, 2, 1, 3, 17);
INSERT INTO `vm_roles_auths_realation` VALUES (526, 1522389380, 1522389380, 2, 1, 3, 21);
INSERT INTO `vm_roles_auths_realation` VALUES (527, 1522389380, 1522389380, 2, 1, 3, 25);
INSERT INTO `vm_roles_auths_realation` VALUES (528, 1522389380, 1522389380, 2, 1, 3, 29);
INSERT INTO `vm_roles_auths_realation` VALUES (529, 1522389380, 1522389380, 2, 1, 3, 33);
INSERT INTO `vm_roles_auths_realation` VALUES (530, 1522390147, 1522390147, 2, 1, 3, 3);
INSERT INTO `vm_roles_auths_realation` VALUES (531, 1522390147, 1522390147, 2, 1, 3, 14);
INSERT INTO `vm_roles_auths_realation` VALUES (532, 1522390147, 1522390147, 2, 1, 3, 17);
INSERT INTO `vm_roles_auths_realation` VALUES (533, 1522390147, 1522390147, 2, 1, 3, 21);
INSERT INTO `vm_roles_auths_realation` VALUES (534, 1522390147, 1522390147, 2, 1, 3, 25);
INSERT INTO `vm_roles_auths_realation` VALUES (535, 1522390147, 1522390147, 2, 1, 3, 29);
INSERT INTO `vm_roles_auths_realation` VALUES (536, 1522390147, 1522390147, 2, 1, 3, 33);
INSERT INTO `vm_roles_auths_realation` VALUES (537, 1522390173, 1522390173, 2, 1, 3, 3);
INSERT INTO `vm_roles_auths_realation` VALUES (538, 1522390173, 1522390173, 2, 1, 3, 14);
INSERT INTO `vm_roles_auths_realation` VALUES (539, 1522390173, 1522390173, 2, 1, 3, 17);
INSERT INTO `vm_roles_auths_realation` VALUES (540, 1522390173, 1522390173, 2, 1, 3, 21);
INSERT INTO `vm_roles_auths_realation` VALUES (541, 1522390173, 1522390173, 2, 1, 3, 25);
INSERT INTO `vm_roles_auths_realation` VALUES (542, 1522390173, 1522390173, 2, 1, 3, 29);
INSERT INTO `vm_roles_auths_realation` VALUES (543, 1522390173, 1522390173, 2, 1, 3, 33);
INSERT INTO `vm_roles_auths_realation` VALUES (544, 1522390185, 1522390185, 2, 1, 3, 3);
INSERT INTO `vm_roles_auths_realation` VALUES (545, 1522390185, 1522390185, 2, 1, 3, 14);
INSERT INTO `vm_roles_auths_realation` VALUES (546, 1522390185, 1522390185, 2, 1, 3, 17);
INSERT INTO `vm_roles_auths_realation` VALUES (547, 1522390185, 1522390185, 2, 1, 3, 21);
INSERT INTO `vm_roles_auths_realation` VALUES (548, 1522390185, 1522390185, 2, 1, 3, 25);
INSERT INTO `vm_roles_auths_realation` VALUES (549, 1522390185, 1522390185, 2, 1, 3, 29);
INSERT INTO `vm_roles_auths_realation` VALUES (550, 1522390185, 1522390185, 2, 1, 3, 33);
INSERT INTO `vm_roles_auths_realation` VALUES (551, 1522390196, 1522390196, 2, 1, 5, 3);
INSERT INTO `vm_roles_auths_realation` VALUES (552, 1522390233, 1522390233, 2, 1, 3, 9);
INSERT INTO `vm_roles_auths_realation` VALUES (553, 1522390247, 1522390247, 2, 1, 3, 9);
INSERT INTO `vm_roles_auths_realation` VALUES (554, 1522390259, 1522390259, 2, 1, 3, 9);
INSERT INTO `vm_roles_auths_realation` VALUES (555, 1522390267, 1522390267, 2, 1, 3, 9);
INSERT INTO `vm_roles_auths_realation` VALUES (556, 1522390279, 1522390279, 2, 1, 5, 3);
INSERT INTO `vm_roles_auths_realation` VALUES (557, 1522390303, 1522390303, 2, 1, 5, 3);
INSERT INTO `vm_roles_auths_realation` VALUES (558, 1522390316, 1522390316, 2, 1, 5, 3);
INSERT INTO `vm_roles_auths_realation` VALUES (559, 1522390347, 1522390347, 2, 1, 5, 3);
INSERT INTO `vm_roles_auths_realation` VALUES (560, 1522390361, 1522390361, 2, 1, 3, 9);
INSERT INTO `vm_roles_auths_realation` VALUES (561, 1522390376, 1522390376, 1, 1, 5, 3);
INSERT INTO `vm_roles_auths_realation` VALUES (630, 1522404009, 1522404009, 1, 1, 2, 3);
INSERT INTO `vm_roles_auths_realation` VALUES (631, 1522404009, 1522404009, 1, 1, 2, 1);
INSERT INTO `vm_roles_auths_realation` VALUES (632, 1522404009, 1522404009, 1, 1, 2, 2);
INSERT INTO `vm_roles_auths_realation` VALUES (633, 1522404009, 1522404009, 1, 1, 2, 4);
INSERT INTO `vm_roles_auths_realation` VALUES (634, 1522404009, 1522404009, 1, 1, 2, 5);
INSERT INTO `vm_roles_auths_realation` VALUES (635, 1522404009, 1522404009, 1, 1, 2, 6);
INSERT INTO `vm_roles_auths_realation` VALUES (636, 1522404009, 1522404009, 1, 1, 2, 7);
INSERT INTO `vm_roles_auths_realation` VALUES (637, 1522404009, 1522404009, 1, 1, 2, 9);
INSERT INTO `vm_roles_auths_realation` VALUES (638, 1522404009, 1522404009, 1, 1, 2, 8);
INSERT INTO `vm_roles_auths_realation` VALUES (639, 1522404009, 1522404009, 1, 1, 2, 10);
INSERT INTO `vm_roles_auths_realation` VALUES (640, 1522404009, 1522404009, 1, 1, 2, 11);
INSERT INTO `vm_roles_auths_realation` VALUES (641, 1522404009, 1522404009, 1, 1, 2, 12);
INSERT INTO `vm_roles_auths_realation` VALUES (642, 1522404009, 1522404009, 1, 1, 2, 14);
INSERT INTO `vm_roles_auths_realation` VALUES (643, 1522404009, 1522404009, 1, 1, 2, 13);
INSERT INTO `vm_roles_auths_realation` VALUES (644, 1522404009, 1522404009, 1, 1, 2, 15);
INSERT INTO `vm_roles_auths_realation` VALUES (645, 1522404009, 1522404009, 1, 1, 2, 16);
INSERT INTO `vm_roles_auths_realation` VALUES (646, 1522404009, 1522404009, 1, 1, 2, 17);
INSERT INTO `vm_roles_auths_realation` VALUES (647, 1522404009, 1522404009, 1, 1, 2, 18);
INSERT INTO `vm_roles_auths_realation` VALUES (648, 1522404009, 1522404009, 1, 1, 2, 19);
INSERT INTO `vm_roles_auths_realation` VALUES (649, 1522404009, 1522404009, 1, 1, 2, 20);
INSERT INTO `vm_roles_auths_realation` VALUES (650, 1522404009, 1522404009, 1, 1, 2, 21);
INSERT INTO `vm_roles_auths_realation` VALUES (651, 1522404009, 1522404009, 1, 1, 2, 24);
INSERT INTO `vm_roles_auths_realation` VALUES (652, 1522404009, 1522404009, 1, 1, 2, 23);
INSERT INTO `vm_roles_auths_realation` VALUES (653, 1522404009, 1522404009, 1, 1, 2, 22);
INSERT INTO `vm_roles_auths_realation` VALUES (654, 1522404009, 1522404009, 1, 1, 2, 25);
INSERT INTO `vm_roles_auths_realation` VALUES (655, 1522404009, 1522404009, 1, 1, 2, 26);
INSERT INTO `vm_roles_auths_realation` VALUES (656, 1522404009, 1522404009, 1, 1, 2, 34);
INSERT INTO `vm_roles_auths_realation` VALUES (657, 1522404009, 1522404009, 1, 1, 2, 33);
INSERT INTO `vm_roles_auths_realation` VALUES (658, 1522404009, 1522404009, 1, 1, 2, 32);
INSERT INTO `vm_roles_auths_realation` VALUES (659, 1522404009, 1522404009, 1, 1, 2, 30);
INSERT INTO `vm_roles_auths_realation` VALUES (660, 1522404009, 1522404009, 1, 1, 2, 31);
INSERT INTO `vm_roles_auths_realation` VALUES (661, 1522404009, 1522404009, 1, 1, 2, 29);
INSERT INTO `vm_roles_auths_realation` VALUES (662, 1522404009, 1522404009, 1, 1, 2, 28);
INSERT INTO `vm_roles_auths_realation` VALUES (663, 1522404009, 1522404009, 1, 1, 2, 27);
INSERT INTO `vm_roles_auths_realation` VALUES (664, 1523030423, 1523030423, 2, 1, 3, 9);
INSERT INTO `vm_roles_auths_realation` VALUES (665, 1523030446, 1523030446, 1, 1, 3, 9);

-- ----------------------------
-- Table structure for vm_roles_menus_realation
-- ----------------------------
DROP TABLE IF EXISTS `vm_roles_menus_realation`;
CREATE TABLE `vm_roles_menus_realation`  (
  `id` bigint(20) UNSIGNED NOT NULL AUTO_INCREMENT COMMENT '自增主键',
  `create_time` int(10) UNSIGNED NOT NULL COMMENT '创建时间',
  `update_time` int(10) UNSIGNED NOT NULL COMMENT '更新时间',
  `is_deleted` tinyint(5) UNSIGNED NOT NULL DEFAULT 1 COMMENT '状态,1为no，2为yes',
  `status` tinyint(5) UNSIGNED NOT NULL DEFAULT 1 COMMENT '状态,1为正常，2为冻结',
  `role_id` bigint(20) NOT NULL COMMENT '角色id',
  `menu_id` bigint(20) NOT NULL COMMENT '菜单id',
  PRIMARY KEY (`id`) USING BTREE
) ENGINE = InnoDB AUTO_INCREMENT = 563 CHARACTER SET = utf8mb4 COLLATE = utf8mb4_bin ROW_FORMAT = Compact;

-- ----------------------------
-- Records of vm_roles_menus_realation
-- ----------------------------
INSERT INTO `vm_roles_menus_realation` VALUES (5, 1522050494, 1522050494, 2, 1, 1, 5);
INSERT INTO `vm_roles_menus_realation` VALUES (6, 1522050494, 1522050494, 2, 1, 1, 6);
INSERT INTO `vm_roles_menus_realation` VALUES (7, 1522050494, 1522050494, 2, 1, 1, 7);
INSERT INTO `vm_roles_menus_realation` VALUES (8, 1522050494, 1522050494, 2, 1, 1, 8);
INSERT INTO `vm_roles_menus_realation` VALUES (9, 1522050494, 1522050494, 2, 1, 1, 9);
INSERT INTO `vm_roles_menus_realation` VALUES (10, 1522050494, 1522050494, 2, 1, 1, 10);
INSERT INTO `vm_roles_menus_realation` VALUES (12, 1522050494, 1522050494, 2, 1, 1, 12);
INSERT INTO `vm_roles_menus_realation` VALUES (13, 1522050494, 1522050494, 2, 1, 1, 13);
INSERT INTO `vm_roles_menus_realation` VALUES (14, 1522050494, 1522050494, 2, 1, 1, 14);
INSERT INTO `vm_roles_menus_realation` VALUES (15, 1522050494, 1522050494, 2, 1, 1, 15);
INSERT INTO `vm_roles_menus_realation` VALUES (16, 1522050494, 1522050494, 2, 1, 2, 4);
INSERT INTO `vm_roles_menus_realation` VALUES (17, 1522050494, 1522050494, 2, 1, 2, 6);
INSERT INTO `vm_roles_menus_realation` VALUES (18, 1522050494, 1522050494, 2, 1, 2, 7);
INSERT INTO `vm_roles_menus_realation` VALUES (19, 1522050494, 1522050494, 2, 1, 2, 3);
INSERT INTO `vm_roles_menus_realation` VALUES (20, 1522050494, 1522050494, 2, 1, 2, 5);
INSERT INTO `vm_roles_menus_realation` VALUES (21, 1522050494, 1522050494, 2, 1, 2, 4);
INSERT INTO `vm_roles_menus_realation` VALUES (22, 1522050494, 1522050494, 2, 1, 2, 6);
INSERT INTO `vm_roles_menus_realation` VALUES (23, 1522050494, 1522050494, 2, 1, 2, 7);
INSERT INTO `vm_roles_menus_realation` VALUES (24, 1522050494, 1522050494, 2, 1, 2, 9);
INSERT INTO `vm_roles_menus_realation` VALUES (25, 1522050494, 1522050494, 2, 1, 2, 3);
INSERT INTO `vm_roles_menus_realation` VALUES (26, 1522050494, 1522050494, 2, 1, 2, 5);
INSERT INTO `vm_roles_menus_realation` VALUES (27, 1522050494, 1522050494, 2, 1, 2, 8);
INSERT INTO `vm_roles_menus_realation` VALUES (28, 1522050494, 1522050494, 2, 1, 2, 4);
INSERT INTO `vm_roles_menus_realation` VALUES (29, 1522050494, 1522050494, 2, 1, 2, 6);
INSERT INTO `vm_roles_menus_realation` VALUES (30, 1522050494, 1522050494, 2, 1, 2, 9);
INSERT INTO `vm_roles_menus_realation` VALUES (31, 1522050494, 1522050494, 2, 1, 2, 11);
INSERT INTO `vm_roles_menus_realation` VALUES (32, 1522050494, 1522050494, 2, 1, 2, 10);
INSERT INTO `vm_roles_menus_realation` VALUES (33, 1522050494, 1522050494, 2, 1, 2, 3);
INSERT INTO `vm_roles_menus_realation` VALUES (34, 1522050494, 1522050494, 2, 1, 2, 5);
INSERT INTO `vm_roles_menus_realation` VALUES (35, 1522050494, 1522050494, 2, 1, 2, 8);
INSERT INTO `vm_roles_menus_realation` VALUES (36, 1522050494, 1522050494, 2, 1, 2, 6);
INSERT INTO `vm_roles_menus_realation` VALUES (39, 1522050494, 1522050494, 2, 1, 2, 5);
INSERT INTO `vm_roles_menus_realation` VALUES (40, 1522050494, 1522050494, 2, 1, 2, 6);
INSERT INTO `vm_roles_menus_realation` VALUES (41, 1522050494, 1522050494, 2, 1, 2, 4);
INSERT INTO `vm_roles_menus_realation` VALUES (42, 1522050494, 1522050494, 2, 1, 2, 9);
INSERT INTO `vm_roles_menus_realation` VALUES (43, 1522050494, 1522050494, 2, 1, 2, 10);
INSERT INTO `vm_roles_menus_realation` VALUES (44, 1522050494, 1522050494, 2, 1, 2, 11);
INSERT INTO `vm_roles_menus_realation` VALUES (45, 1522050494, 1522050494, 2, 1, 2, 13);
INSERT INTO `vm_roles_menus_realation` VALUES (46, 1522050494, 1522050494, 2, 1, 2, 14);
INSERT INTO `vm_roles_menus_realation` VALUES (47, 1522050494, 1522050494, 2, 1, 2, 15);
INSERT INTO `vm_roles_menus_realation` VALUES (48, 1522050494, 1522050494, 2, 1, 2, 7);
INSERT INTO `vm_roles_menus_realation` VALUES (50, 1522050494, 1522050494, 2, 1, 2, 5);
INSERT INTO `vm_roles_menus_realation` VALUES (51, 1522050494, 1522050494, 2, 1, 2, 8);
INSERT INTO `vm_roles_menus_realation` VALUES (52, 1522050494, 1522050494, 2, 1, 2, 12);
INSERT INTO `vm_roles_menus_realation` VALUES (54, 1522050494, 1522050494, 2, 1, 2, 3);
INSERT INTO `vm_roles_menus_realation` VALUES (55, 1522050494, 1522050494, 2, 1, 2, 4);
INSERT INTO `vm_roles_menus_realation` VALUES (56, 1522050494, 1522050494, 2, 1, 2, 6);
INSERT INTO `vm_roles_menus_realation` VALUES (57, 1522050494, 1522050494, 2, 1, 2, 7);
INSERT INTO `vm_roles_menus_realation` VALUES (59, 1522050494, 1522050494, 2, 1, 2, 5);
INSERT INTO `vm_roles_menus_realation` VALUES (61, 1522050494, 1522050494, 2, 1, 2, 6);
INSERT INTO `vm_roles_menus_realation` VALUES (62, 1522050494, 1522050494, 2, 1, 2, 7);
INSERT INTO `vm_roles_menus_realation` VALUES (63, 1522050494, 1522050494, 2, 1, 2, 9);
INSERT INTO `vm_roles_menus_realation` VALUES (64, 1522050494, 1522050494, 2, 1, 2, 11);
INSERT INTO `vm_roles_menus_realation` VALUES (65, 1522050494, 1522050494, 2, 1, 2, 13);
INSERT INTO `vm_roles_menus_realation` VALUES (66, 1522050494, 1522050494, 2, 1, 2, 14);
INSERT INTO `vm_roles_menus_realation` VALUES (67, 1522050494, 1522050494, 2, 1, 2, 3);
INSERT INTO `vm_roles_menus_realation` VALUES (68, 1522050494, 1522050494, 2, 1, 2, 5);
INSERT INTO `vm_roles_menus_realation` VALUES (69, 1522050494, 1522050494, 2, 1, 2, 8);
INSERT INTO `vm_roles_menus_realation` VALUES (70, 1522050494, 1522050494, 2, 1, 2, 12);
INSERT INTO `vm_roles_menus_realation` VALUES (71, 1522050494, 1522050494, 2, 1, 2, 13);
INSERT INTO `vm_roles_menus_realation` VALUES (72, 1522050494, 1522050494, 2, 1, 2, 14);
INSERT INTO `vm_roles_menus_realation` VALUES (73, 1522050494, 1522050494, 2, 1, 2, 15);
INSERT INTO `vm_roles_menus_realation` VALUES (74, 1522050494, 1522050494, 2, 1, 2, 12);
INSERT INTO `vm_roles_menus_realation` VALUES (75, 1522050494, 1522050494, 2, 1, 3, 4);
INSERT INTO `vm_roles_menus_realation` VALUES (76, 1522050494, 1522050494, 2, 1, 3, 6);
INSERT INTO `vm_roles_menus_realation` VALUES (77, 1522050494, 1522050494, 2, 1, 3, 7);
INSERT INTO `vm_roles_menus_realation` VALUES (78, 1522050494, 1522050494, 2, 1, 3, 3);
INSERT INTO `vm_roles_menus_realation` VALUES (79, 1522050494, 1522050494, 2, 1, 3, 5);
INSERT INTO `vm_roles_menus_realation` VALUES (80, 1522050494, 1522050494, 2, 1, 3, 4);
INSERT INTO `vm_roles_menus_realation` VALUES (81, 1522050494, 1522050494, 2, 1, 3, 6);
INSERT INTO `vm_roles_menus_realation` VALUES (82, 1522050494, 1522050494, 2, 1, 3, 7);
INSERT INTO `vm_roles_menus_realation` VALUES (83, 1522050494, 1522050494, 2, 1, 3, 3);
INSERT INTO `vm_roles_menus_realation` VALUES (84, 1522050494, 1522050494, 2, 1, 3, 5);
INSERT INTO `vm_roles_menus_realation` VALUES (85, 1522050494, 1522050494, 2, 1, 2, 13);
INSERT INTO `vm_roles_menus_realation` VALUES (86, 1522050494, 1522050494, 2, 1, 2, 14);
INSERT INTO `vm_roles_menus_realation` VALUES (87, 1522050494, 1522050494, 2, 1, 2, 15);
INSERT INTO `vm_roles_menus_realation` VALUES (88, 1522050494, 1522050494, 2, 1, 2, 12);
INSERT INTO `vm_roles_menus_realation` VALUES (89, 1522243748, 1522243748, 2, 1, 2, 13);
INSERT INTO `vm_roles_menus_realation` VALUES (90, 1522243748, 1522243748, 2, 1, 2, 14);
INSERT INTO `vm_roles_menus_realation` VALUES (91, 1522243748, 1522243748, 2, 1, 2, 15);
INSERT INTO `vm_roles_menus_realation` VALUES (92, 1522243748, 1522243748, 2, 1, 2, 12);
INSERT INTO `vm_roles_menus_realation` VALUES (93, 1522243769, 1522243769, 2, 1, 2, 13);
INSERT INTO `vm_roles_menus_realation` VALUES (94, 1522243769, 1522243769, 2, 1, 2, 14);
INSERT INTO `vm_roles_menus_realation` VALUES (95, 1522243769, 1522243769, 2, 1, 2, 15);
INSERT INTO `vm_roles_menus_realation` VALUES (96, 1522243769, 1522243769, 2, 1, 2, 12);
INSERT INTO `vm_roles_menus_realation` VALUES (97, 1522244243, 1522244243, 2, 1, 2, 13);
INSERT INTO `vm_roles_menus_realation` VALUES (98, 1522244243, 1522244243, 2, 1, 2, 14);
INSERT INTO `vm_roles_menus_realation` VALUES (99, 1522244243, 1522244243, 2, 1, 2, 15);
INSERT INTO `vm_roles_menus_realation` VALUES (100, 1522244243, 1522244243, 2, 1, 2, 12);
INSERT INTO `vm_roles_menus_realation` VALUES (101, 1522244360, 1522244360, 2, 1, 2, 13);
INSERT INTO `vm_roles_menus_realation` VALUES (102, 1522244360, 1522244360, 2, 1, 2, 14);
INSERT INTO `vm_roles_menus_realation` VALUES (103, 1522244360, 1522244360, 2, 1, 2, 15);
INSERT INTO `vm_roles_menus_realation` VALUES (104, 1522244360, 1522244360, 2, 1, 2, 12);
INSERT INTO `vm_roles_menus_realation` VALUES (105, 1522245096, 1522245096, 2, 1, 2, 13);
INSERT INTO `vm_roles_menus_realation` VALUES (106, 1522245096, 1522245096, 2, 1, 2, 14);
INSERT INTO `vm_roles_menus_realation` VALUES (107, 1522245096, 1522245096, 2, 1, 2, 15);
INSERT INTO `vm_roles_menus_realation` VALUES (108, 1522245096, 1522245096, 2, 1, 2, 12);
INSERT INTO `vm_roles_menus_realation` VALUES (109, 1522246428, 1522246428, 2, 1, 2, 13);
INSERT INTO `vm_roles_menus_realation` VALUES (110, 1522246428, 1522246428, 2, 1, 2, 14);
INSERT INTO `vm_roles_menus_realation` VALUES (111, 1522246428, 1522246428, 2, 1, 2, 15);
INSERT INTO `vm_roles_menus_realation` VALUES (112, 1522246428, 1522246428, 2, 1, 2, 12);
INSERT INTO `vm_roles_menus_realation` VALUES (113, 1522246470, 1522246470, 2, 1, 2, 13);
INSERT INTO `vm_roles_menus_realation` VALUES (114, 1522246470, 1522246470, 2, 1, 2, 14);
INSERT INTO `vm_roles_menus_realation` VALUES (115, 1522246470, 1522246470, 2, 1, 2, 15);
INSERT INTO `vm_roles_menus_realation` VALUES (116, 1522246470, 1522246470, 2, 1, 2, 11);
INSERT INTO `vm_roles_menus_realation` VALUES (117, 1522246470, 1522246470, 2, 1, 2, 10);
INSERT INTO `vm_roles_menus_realation` VALUES (118, 1522246470, 1522246470, 2, 1, 2, 9);
INSERT INTO `vm_roles_menus_realation` VALUES (119, 1522246470, 1522246470, 2, 1, 2, 7);
INSERT INTO `vm_roles_menus_realation` VALUES (120, 1522246470, 1522246470, 2, 1, 2, 6);
INSERT INTO `vm_roles_menus_realation` VALUES (121, 1522246470, 1522246470, 2, 1, 2, 5);
INSERT INTO `vm_roles_menus_realation` VALUES (122, 1522246470, 1522246470, 2, 1, 2, 8);
INSERT INTO `vm_roles_menus_realation` VALUES (123, 1522246470, 1522246470, 2, 1, 2, 12);
INSERT INTO `vm_roles_menus_realation` VALUES (124, 1522246848, 1522246848, 2, 1, 2, 13);
INSERT INTO `vm_roles_menus_realation` VALUES (125, 1522246848, 1522246848, 2, 1, 2, 14);
INSERT INTO `vm_roles_menus_realation` VALUES (126, 1522246848, 1522246848, 2, 1, 2, 15);
INSERT INTO `vm_roles_menus_realation` VALUES (127, 1522246848, 1522246848, 2, 1, 2, 11);
INSERT INTO `vm_roles_menus_realation` VALUES (128, 1522246848, 1522246848, 2, 1, 2, 10);
INSERT INTO `vm_roles_menus_realation` VALUES (129, 1522246848, 1522246848, 2, 1, 2, 9);
INSERT INTO `vm_roles_menus_realation` VALUES (130, 1522246848, 1522246848, 2, 1, 2, 7);
INSERT INTO `vm_roles_menus_realation` VALUES (131, 1522246848, 1522246848, 2, 1, 2, 6);
INSERT INTO `vm_roles_menus_realation` VALUES (132, 1522246848, 1522246848, 2, 1, 2, 5);
INSERT INTO `vm_roles_menus_realation` VALUES (133, 1522246848, 1522246848, 2, 1, 2, 8);
INSERT INTO `vm_roles_menus_realation` VALUES (134, 1522246848, 1522246848, 2, 1, 2, 12);
INSERT INTO `vm_roles_menus_realation` VALUES (135, 1522246871, 1522246871, 2, 1, 2, 13);
INSERT INTO `vm_roles_menus_realation` VALUES (136, 1522246871, 1522246871, 2, 1, 2, 14);
INSERT INTO `vm_roles_menus_realation` VALUES (137, 1522246871, 1522246871, 2, 1, 2, 15);
INSERT INTO `vm_roles_menus_realation` VALUES (138, 1522246871, 1522246871, 2, 1, 2, 11);
INSERT INTO `vm_roles_menus_realation` VALUES (139, 1522246871, 1522246871, 2, 1, 2, 10);
INSERT INTO `vm_roles_menus_realation` VALUES (140, 1522246871, 1522246871, 2, 1, 2, 9);
INSERT INTO `vm_roles_menus_realation` VALUES (141, 1522246871, 1522246871, 2, 1, 2, 7);
INSERT INTO `vm_roles_menus_realation` VALUES (142, 1522246871, 1522246871, 2, 1, 2, 6);
INSERT INTO `vm_roles_menus_realation` VALUES (143, 1522246871, 1522246871, 2, 1, 2, 5);
INSERT INTO `vm_roles_menus_realation` VALUES (144, 1522246871, 1522246871, 2, 1, 2, 8);
INSERT INTO `vm_roles_menus_realation` VALUES (145, 1522246871, 1522246871, 2, 1, 2, 12);
INSERT INTO `vm_roles_menus_realation` VALUES (146, 1522287911, 1522287911, 2, 1, 2, 13);
INSERT INTO `vm_roles_menus_realation` VALUES (147, 1522287911, 1522287911, 2, 1, 2, 14);
INSERT INTO `vm_roles_menus_realation` VALUES (148, 1522287911, 1522287911, 2, 1, 2, 15);
INSERT INTO `vm_roles_menus_realation` VALUES (149, 1522287911, 1522287911, 2, 1, 2, 11);
INSERT INTO `vm_roles_menus_realation` VALUES (150, 1522287911, 1522287911, 2, 1, 2, 10);
INSERT INTO `vm_roles_menus_realation` VALUES (151, 1522287911, 1522287911, 2, 1, 2, 9);
INSERT INTO `vm_roles_menus_realation` VALUES (152, 1522287911, 1522287911, 2, 1, 2, 7);
INSERT INTO `vm_roles_menus_realation` VALUES (153, 1522287911, 1522287911, 2, 1, 2, 6);
INSERT INTO `vm_roles_menus_realation` VALUES (154, 1522287911, 1522287911, 2, 1, 2, 5);
INSERT INTO `vm_roles_menus_realation` VALUES (155, 1522287911, 1522287911, 2, 1, 2, 8);
INSERT INTO `vm_roles_menus_realation` VALUES (156, 1522287911, 1522287911, 2, 1, 2, 12);
INSERT INTO `vm_roles_menus_realation` VALUES (157, 1522288491, 1522288491, 2, 1, 1, 6);
INSERT INTO `vm_roles_menus_realation` VALUES (158, 1522288491, 1522288491, 2, 1, 1, 7);
INSERT INTO `vm_roles_menus_realation` VALUES (159, 1522288491, 1522288491, 2, 1, 1, 9);
INSERT INTO `vm_roles_menus_realation` VALUES (160, 1522288491, 1522288491, 2, 1, 1, 10);
INSERT INTO `vm_roles_menus_realation` VALUES (161, 1522288491, 1522288491, 2, 1, 1, 13);
INSERT INTO `vm_roles_menus_realation` VALUES (162, 1522288491, 1522288491, 2, 1, 1, 14);
INSERT INTO `vm_roles_menus_realation` VALUES (163, 1522288491, 1522288491, 2, 1, 1, 15);
INSERT INTO `vm_roles_menus_realation` VALUES (164, 1522288491, 1522288491, 2, 1, 1, 5);
INSERT INTO `vm_roles_menus_realation` VALUES (165, 1522288491, 1522288491, 2, 1, 1, 8);
INSERT INTO `vm_roles_menus_realation` VALUES (166, 1522288491, 1522288491, 2, 1, 1, 12);
INSERT INTO `vm_roles_menus_realation` VALUES (167, 1522293483, 1522293483, 2, 1, 1, 6);
INSERT INTO `vm_roles_menus_realation` VALUES (168, 1522293483, 1522293483, 2, 1, 1, 7);
INSERT INTO `vm_roles_menus_realation` VALUES (169, 1522293483, 1522293483, 2, 1, 1, 9);
INSERT INTO `vm_roles_menus_realation` VALUES (170, 1522293483, 1522293483, 2, 1, 1, 10);
INSERT INTO `vm_roles_menus_realation` VALUES (171, 1522293483, 1522293483, 2, 1, 1, 13);
INSERT INTO `vm_roles_menus_realation` VALUES (172, 1522293483, 1522293483, 2, 1, 1, 14);
INSERT INTO `vm_roles_menus_realation` VALUES (173, 1522293483, 1522293483, 2, 1, 1, 15);
INSERT INTO `vm_roles_menus_realation` VALUES (174, 1522293483, 1522293483, 2, 1, 1, 5);
INSERT INTO `vm_roles_menus_realation` VALUES (175, 1522293483, 1522293483, 2, 1, 1, 8);
INSERT INTO `vm_roles_menus_realation` VALUES (176, 1522293483, 1522293483, 2, 1, 1, 12);
INSERT INTO `vm_roles_menus_realation` VALUES (177, 1522293602, 1522293602, 2, 1, 3, 6);
INSERT INTO `vm_roles_menus_realation` VALUES (178, 1522293602, 1522293602, 2, 1, 3, 7);
INSERT INTO `vm_roles_menus_realation` VALUES (179, 1522293602, 1522293602, 2, 1, 3, 9);
INSERT INTO `vm_roles_menus_realation` VALUES (180, 1522293602, 1522293602, 2, 1, 3, 10);
INSERT INTO `vm_roles_menus_realation` VALUES (181, 1522293602, 1522293602, 2, 1, 3, 11);
INSERT INTO `vm_roles_menus_realation` VALUES (182, 1522293602, 1522293602, 2, 1, 3, 14);
INSERT INTO `vm_roles_menus_realation` VALUES (183, 1522293602, 1522293602, 2, 1, 3, 5);
INSERT INTO `vm_roles_menus_realation` VALUES (184, 1522293602, 1522293602, 2, 1, 3, 8);
INSERT INTO `vm_roles_menus_realation` VALUES (185, 1522293602, 1522293602, 2, 1, 3, 12);
INSERT INTO `vm_roles_menus_realation` VALUES (186, 1522293754, 1522293754, 2, 1, 3, 6);
INSERT INTO `vm_roles_menus_realation` VALUES (187, 1522293754, 1522293754, 2, 1, 3, 7);
INSERT INTO `vm_roles_menus_realation` VALUES (188, 1522293754, 1522293754, 2, 1, 3, 9);
INSERT INTO `vm_roles_menus_realation` VALUES (189, 1522293754, 1522293754, 2, 1, 3, 10);
INSERT INTO `vm_roles_menus_realation` VALUES (190, 1522293754, 1522293754, 2, 1, 3, 11);
INSERT INTO `vm_roles_menus_realation` VALUES (191, 1522293754, 1522293754, 2, 1, 3, 14);
INSERT INTO `vm_roles_menus_realation` VALUES (192, 1522293754, 1522293754, 2, 1, 3, 15);
INSERT INTO `vm_roles_menus_realation` VALUES (193, 1522293754, 1522293754, 2, 1, 3, 13);
INSERT INTO `vm_roles_menus_realation` VALUES (194, 1522293754, 1522293754, 2, 1, 3, 5);
INSERT INTO `vm_roles_menus_realation` VALUES (195, 1522293754, 1522293754, 2, 1, 3, 8);
INSERT INTO `vm_roles_menus_realation` VALUES (196, 1522293754, 1522293754, 2, 1, 3, 12);
INSERT INTO `vm_roles_menus_realation` VALUES (197, 1522294245, 1522294245, 2, 1, 3, 6);
INSERT INTO `vm_roles_menus_realation` VALUES (198, 1522294245, 1522294245, 2, 1, 3, 7);
INSERT INTO `vm_roles_menus_realation` VALUES (199, 1522294245, 1522294245, 2, 1, 3, 9);
INSERT INTO `vm_roles_menus_realation` VALUES (200, 1522294245, 1522294245, 2, 1, 3, 10);
INSERT INTO `vm_roles_menus_realation` VALUES (201, 1522294245, 1522294245, 2, 1, 3, 11);
INSERT INTO `vm_roles_menus_realation` VALUES (202, 1522294245, 1522294245, 2, 1, 3, 14);
INSERT INTO `vm_roles_menus_realation` VALUES (203, 1522294245, 1522294245, 2, 1, 3, 15);
INSERT INTO `vm_roles_menus_realation` VALUES (204, 1522294245, 1522294245, 2, 1, 3, 13);
INSERT INTO `vm_roles_menus_realation` VALUES (205, 1522294245, 1522294245, 2, 1, 3, 5);
INSERT INTO `vm_roles_menus_realation` VALUES (206, 1522294245, 1522294245, 2, 1, 3, 8);
INSERT INTO `vm_roles_menus_realation` VALUES (207, 1522294245, 1522294245, 2, 1, 3, 12);
INSERT INTO `vm_roles_menus_realation` VALUES (208, 1522298431, 1522298431, 2, 1, 3, 6);
INSERT INTO `vm_roles_menus_realation` VALUES (209, 1522298431, 1522298431, 2, 1, 3, 7);
INSERT INTO `vm_roles_menus_realation` VALUES (210, 1522298431, 1522298431, 2, 1, 3, 9);
INSERT INTO `vm_roles_menus_realation` VALUES (211, 1522298431, 1522298431, 2, 1, 3, 10);
INSERT INTO `vm_roles_menus_realation` VALUES (212, 1522298431, 1522298431, 2, 1, 3, 11);
INSERT INTO `vm_roles_menus_realation` VALUES (213, 1522298431, 1522298431, 2, 1, 3, 13);
INSERT INTO `vm_roles_menus_realation` VALUES (214, 1522298431, 1522298431, 2, 1, 3, 14);
INSERT INTO `vm_roles_menus_realation` VALUES (215, 1522298431, 1522298431, 2, 1, 3, 15);
INSERT INTO `vm_roles_menus_realation` VALUES (216, 1522298431, 1522298431, 2, 1, 3, 5);
INSERT INTO `vm_roles_menus_realation` VALUES (217, 1522298431, 1522298431, 2, 1, 3, 8);
INSERT INTO `vm_roles_menus_realation` VALUES (218, 1522298431, 1522298431, 2, 1, 3, 12);
INSERT INTO `vm_roles_menus_realation` VALUES (219, 1522302748, 1522302748, 2, 1, 3, 6);
INSERT INTO `vm_roles_menus_realation` VALUES (220, 1522302748, 1522302748, 2, 1, 3, 7);
INSERT INTO `vm_roles_menus_realation` VALUES (221, 1522302748, 1522302748, 2, 1, 3, 9);
INSERT INTO `vm_roles_menus_realation` VALUES (222, 1522302748, 1522302748, 2, 1, 3, 10);
INSERT INTO `vm_roles_menus_realation` VALUES (223, 1522302748, 1522302748, 2, 1, 3, 11);
INSERT INTO `vm_roles_menus_realation` VALUES (224, 1522302748, 1522302748, 2, 1, 3, 13);
INSERT INTO `vm_roles_menus_realation` VALUES (225, 1522302748, 1522302748, 2, 1, 3, 14);
INSERT INTO `vm_roles_menus_realation` VALUES (226, 1522302748, 1522302748, 2, 1, 3, 15);
INSERT INTO `vm_roles_menus_realation` VALUES (227, 1522302748, 1522302748, 2, 1, 3, 5);
INSERT INTO `vm_roles_menus_realation` VALUES (228, 1522302748, 1522302748, 2, 1, 3, 8);
INSERT INTO `vm_roles_menus_realation` VALUES (229, 1522302748, 1522302748, 2, 1, 3, 12);
INSERT INTO `vm_roles_menus_realation` VALUES (230, 1522302782, 1522302782, 2, 1, 3, 6);
INSERT INTO `vm_roles_menus_realation` VALUES (231, 1522302782, 1522302782, 2, 1, 3, 7);
INSERT INTO `vm_roles_menus_realation` VALUES (232, 1522302782, 1522302782, 2, 1, 3, 9);
INSERT INTO `vm_roles_menus_realation` VALUES (233, 1522302782, 1522302782, 2, 1, 3, 10);
INSERT INTO `vm_roles_menus_realation` VALUES (234, 1522302782, 1522302782, 2, 1, 3, 11);
INSERT INTO `vm_roles_menus_realation` VALUES (235, 1522302782, 1522302782, 2, 1, 3, 13);
INSERT INTO `vm_roles_menus_realation` VALUES (236, 1522302782, 1522302782, 2, 1, 3, 14);
INSERT INTO `vm_roles_menus_realation` VALUES (237, 1522302782, 1522302782, 2, 1, 3, 15);
INSERT INTO `vm_roles_menus_realation` VALUES (238, 1522302782, 1522302782, 2, 1, 3, 5);
INSERT INTO `vm_roles_menus_realation` VALUES (239, 1522302782, 1522302782, 2, 1, 3, 8);
INSERT INTO `vm_roles_menus_realation` VALUES (240, 1522302782, 1522302782, 2, 1, 3, 12);
INSERT INTO `vm_roles_menus_realation` VALUES (241, 1522302795, 1522302795, 2, 1, 3, 6);
INSERT INTO `vm_roles_menus_realation` VALUES (242, 1522302795, 1522302795, 2, 1, 3, 7);
INSERT INTO `vm_roles_menus_realation` VALUES (243, 1522302795, 1522302795, 2, 1, 3, 9);
INSERT INTO `vm_roles_menus_realation` VALUES (244, 1522302795, 1522302795, 2, 1, 3, 10);
INSERT INTO `vm_roles_menus_realation` VALUES (245, 1522302795, 1522302795, 2, 1, 3, 11);
INSERT INTO `vm_roles_menus_realation` VALUES (246, 1522302795, 1522302795, 2, 1, 3, 13);
INSERT INTO `vm_roles_menus_realation` VALUES (247, 1522302795, 1522302795, 2, 1, 3, 14);
INSERT INTO `vm_roles_menus_realation` VALUES (248, 1522302795, 1522302795, 2, 1, 3, 15);
INSERT INTO `vm_roles_menus_realation` VALUES (249, 1522302795, 1522302795, 2, 1, 3, 5);
INSERT INTO `vm_roles_menus_realation` VALUES (250, 1522302795, 1522302795, 2, 1, 3, 8);
INSERT INTO `vm_roles_menus_realation` VALUES (251, 1522302795, 1522302795, 2, 1, 3, 12);
INSERT INTO `vm_roles_menus_realation` VALUES (252, 1522312930, 1522312930, 2, 1, 1, 6);
INSERT INTO `vm_roles_menus_realation` VALUES (253, 1522312930, 1522312930, 2, 1, 1, 7);
INSERT INTO `vm_roles_menus_realation` VALUES (254, 1522312930, 1522312930, 2, 1, 1, 9);
INSERT INTO `vm_roles_menus_realation` VALUES (255, 1522312930, 1522312930, 2, 1, 1, 10);
INSERT INTO `vm_roles_menus_realation` VALUES (256, 1522312930, 1522312930, 2, 1, 1, 13);
INSERT INTO `vm_roles_menus_realation` VALUES (257, 1522312930, 1522312930, 2, 1, 1, 14);
INSERT INTO `vm_roles_menus_realation` VALUES (258, 1522312930, 1522312930, 2, 1, 1, 15);
INSERT INTO `vm_roles_menus_realation` VALUES (259, 1522312930, 1522312930, 2, 1, 1, 5);
INSERT INTO `vm_roles_menus_realation` VALUES (260, 1522312930, 1522312930, 2, 1, 1, 8);
INSERT INTO `vm_roles_menus_realation` VALUES (261, 1522312930, 1522312930, 2, 1, 1, 12);
INSERT INTO `vm_roles_menus_realation` VALUES (262, 1522312940, 1522312940, 1, 1, 1, 6);
INSERT INTO `vm_roles_menus_realation` VALUES (263, 1522312940, 1522312940, 1, 1, 1, 7);
INSERT INTO `vm_roles_menus_realation` VALUES (264, 1522312940, 1522312940, 1, 1, 1, 9);
INSERT INTO `vm_roles_menus_realation` VALUES (265, 1522312940, 1522312940, 1, 1, 1, 10);
INSERT INTO `vm_roles_menus_realation` VALUES (266, 1522312940, 1522312940, 1, 1, 1, 13);
INSERT INTO `vm_roles_menus_realation` VALUES (267, 1522312940, 1522312940, 1, 1, 1, 14);
INSERT INTO `vm_roles_menus_realation` VALUES (268, 1522312940, 1522312940, 1, 1, 1, 15);
INSERT INTO `vm_roles_menus_realation` VALUES (269, 1522312940, 1522312940, 1, 1, 1, 5);
INSERT INTO `vm_roles_menus_realation` VALUES (270, 1522312940, 1522312940, 1, 1, 1, 8);
INSERT INTO `vm_roles_menus_realation` VALUES (271, 1522312940, 1522312940, 1, 1, 1, 12);
INSERT INTO `vm_roles_menus_realation` VALUES (272, 1522386292, 1522386292, 2, 1, 3, 9);
INSERT INTO `vm_roles_menus_realation` VALUES (273, 1522386292, 1522386292, 2, 1, 3, 10);
INSERT INTO `vm_roles_menus_realation` VALUES (274, 1522386292, 1522386292, 2, 1, 3, 11);
INSERT INTO `vm_roles_menus_realation` VALUES (275, 1522386292, 1522386292, 2, 1, 3, 13);
INSERT INTO `vm_roles_menus_realation` VALUES (276, 1522386292, 1522386292, 2, 1, 3, 14);
INSERT INTO `vm_roles_menus_realation` VALUES (277, 1522386292, 1522386292, 2, 1, 3, 15);
INSERT INTO `vm_roles_menus_realation` VALUES (278, 1522386292, 1522386292, 2, 1, 3, 7);
INSERT INTO `vm_roles_menus_realation` VALUES (279, 1522386292, 1522386292, 2, 1, 3, 6);
INSERT INTO `vm_roles_menus_realation` VALUES (280, 1522386292, 1522386292, 2, 1, 3, 5);
INSERT INTO `vm_roles_menus_realation` VALUES (281, 1522386292, 1522386292, 2, 1, 3, 8);
INSERT INTO `vm_roles_menus_realation` VALUES (282, 1522386292, 1522386292, 2, 1, 3, 12);
INSERT INTO `vm_roles_menus_realation` VALUES (283, 1522386308, 1522386308, 2, 1, 3, 9);
INSERT INTO `vm_roles_menus_realation` VALUES (284, 1522386308, 1522386308, 2, 1, 3, 10);
INSERT INTO `vm_roles_menus_realation` VALUES (285, 1522386308, 1522386308, 2, 1, 3, 11);
INSERT INTO `vm_roles_menus_realation` VALUES (286, 1522386308, 1522386308, 2, 1, 3, 13);
INSERT INTO `vm_roles_menus_realation` VALUES (287, 1522386308, 1522386308, 2, 1, 3, 14);
INSERT INTO `vm_roles_menus_realation` VALUES (288, 1522386308, 1522386308, 2, 1, 3, 15);
INSERT INTO `vm_roles_menus_realation` VALUES (289, 1522386308, 1522386308, 2, 1, 3, 7);
INSERT INTO `vm_roles_menus_realation` VALUES (290, 1522386308, 1522386308, 2, 1, 3, 6);
INSERT INTO `vm_roles_menus_realation` VALUES (291, 1522386308, 1522386308, 2, 1, 3, 5);
INSERT INTO `vm_roles_menus_realation` VALUES (292, 1522386308, 1522386308, 2, 1, 3, 8);
INSERT INTO `vm_roles_menus_realation` VALUES (293, 1522386308, 1522386308, 2, 1, 3, 12);
INSERT INTO `vm_roles_menus_realation` VALUES (294, 1522386336, 1522386336, 2, 1, 3, 9);
INSERT INTO `vm_roles_menus_realation` VALUES (295, 1522386336, 1522386336, 2, 1, 3, 10);
INSERT INTO `vm_roles_menus_realation` VALUES (296, 1522386336, 1522386336, 2, 1, 3, 11);
INSERT INTO `vm_roles_menus_realation` VALUES (297, 1522386336, 1522386336, 2, 1, 3, 13);
INSERT INTO `vm_roles_menus_realation` VALUES (298, 1522386336, 1522386336, 2, 1, 3, 14);
INSERT INTO `vm_roles_menus_realation` VALUES (299, 1522386336, 1522386336, 2, 1, 3, 15);
INSERT INTO `vm_roles_menus_realation` VALUES (300, 1522386336, 1522386336, 2, 1, 3, 7);
INSERT INTO `vm_roles_menus_realation` VALUES (301, 1522386336, 1522386336, 2, 1, 3, 6);
INSERT INTO `vm_roles_menus_realation` VALUES (302, 1522386336, 1522386336, 2, 1, 3, 5);
INSERT INTO `vm_roles_menus_realation` VALUES (303, 1522386336, 1522386336, 2, 1, 3, 8);
INSERT INTO `vm_roles_menus_realation` VALUES (304, 1522386336, 1522386336, 2, 1, 3, 12);
INSERT INTO `vm_roles_menus_realation` VALUES (305, 1522388914, 1522388914, 2, 1, 3, 9);
INSERT INTO `vm_roles_menus_realation` VALUES (306, 1522388914, 1522388914, 2, 1, 3, 10);
INSERT INTO `vm_roles_menus_realation` VALUES (307, 1522388914, 1522388914, 2, 1, 3, 11);
INSERT INTO `vm_roles_menus_realation` VALUES (308, 1522388914, 1522388914, 2, 1, 3, 13);
INSERT INTO `vm_roles_menus_realation` VALUES (309, 1522388914, 1522388914, 2, 1, 3, 14);
INSERT INTO `vm_roles_menus_realation` VALUES (310, 1522388914, 1522388914, 2, 1, 3, 15);
INSERT INTO `vm_roles_menus_realation` VALUES (311, 1522388914, 1522388914, 2, 1, 3, 7);
INSERT INTO `vm_roles_menus_realation` VALUES (312, 1522388914, 1522388914, 2, 1, 3, 6);
INSERT INTO `vm_roles_menus_realation` VALUES (313, 1522388914, 1522388914, 2, 1, 3, 5);
INSERT INTO `vm_roles_menus_realation` VALUES (314, 1522388914, 1522388914, 2, 1, 3, 8);
INSERT INTO `vm_roles_menus_realation` VALUES (315, 1522388914, 1522388914, 2, 1, 3, 12);
INSERT INTO `vm_roles_menus_realation` VALUES (316, 1522389086, 1522389086, 2, 1, 3, 9);
INSERT INTO `vm_roles_menus_realation` VALUES (317, 1522389086, 1522389086, 2, 1, 3, 10);
INSERT INTO `vm_roles_menus_realation` VALUES (318, 1522389086, 1522389086, 2, 1, 3, 11);
INSERT INTO `vm_roles_menus_realation` VALUES (319, 1522389086, 1522389086, 2, 1, 3, 13);
INSERT INTO `vm_roles_menus_realation` VALUES (320, 1522389086, 1522389086, 2, 1, 3, 14);
INSERT INTO `vm_roles_menus_realation` VALUES (321, 1522389086, 1522389086, 2, 1, 3, 15);
INSERT INTO `vm_roles_menus_realation` VALUES (322, 1522389086, 1522389086, 2, 1, 3, 7);
INSERT INTO `vm_roles_menus_realation` VALUES (323, 1522389086, 1522389086, 2, 1, 3, 6);
INSERT INTO `vm_roles_menus_realation` VALUES (324, 1522389086, 1522389086, 2, 1, 3, 5);
INSERT INTO `vm_roles_menus_realation` VALUES (325, 1522389086, 1522389086, 2, 1, 3, 8);
INSERT INTO `vm_roles_menus_realation` VALUES (326, 1522389086, 1522389086, 2, 1, 3, 12);
INSERT INTO `vm_roles_menus_realation` VALUES (327, 1522389105, 1522389105, 2, 1, 3, 9);
INSERT INTO `vm_roles_menus_realation` VALUES (328, 1522389105, 1522389105, 2, 1, 3, 10);
INSERT INTO `vm_roles_menus_realation` VALUES (329, 1522389105, 1522389105, 2, 1, 3, 11);
INSERT INTO `vm_roles_menus_realation` VALUES (330, 1522389105, 1522389105, 2, 1, 3, 13);
INSERT INTO `vm_roles_menus_realation` VALUES (331, 1522389105, 1522389105, 2, 1, 3, 14);
INSERT INTO `vm_roles_menus_realation` VALUES (332, 1522389105, 1522389105, 2, 1, 3, 15);
INSERT INTO `vm_roles_menus_realation` VALUES (333, 1522389105, 1522389105, 2, 1, 3, 7);
INSERT INTO `vm_roles_menus_realation` VALUES (334, 1522389105, 1522389105, 2, 1, 3, 6);
INSERT INTO `vm_roles_menus_realation` VALUES (335, 1522389105, 1522389105, 2, 1, 3, 5);
INSERT INTO `vm_roles_menus_realation` VALUES (336, 1522389105, 1522389105, 2, 1, 3, 8);
INSERT INTO `vm_roles_menus_realation` VALUES (337, 1522389105, 1522389105, 2, 1, 3, 12);
INSERT INTO `vm_roles_menus_realation` VALUES (338, 1522389173, 1522389173, 2, 1, 3, 9);
INSERT INTO `vm_roles_menus_realation` VALUES (339, 1522389173, 1522389173, 2, 1, 3, 10);
INSERT INTO `vm_roles_menus_realation` VALUES (340, 1522389173, 1522389173, 2, 1, 3, 11);
INSERT INTO `vm_roles_menus_realation` VALUES (341, 1522389173, 1522389173, 2, 1, 3, 13);
INSERT INTO `vm_roles_menus_realation` VALUES (342, 1522389173, 1522389173, 2, 1, 3, 14);
INSERT INTO `vm_roles_menus_realation` VALUES (343, 1522389173, 1522389173, 2, 1, 3, 15);
INSERT INTO `vm_roles_menus_realation` VALUES (344, 1522389173, 1522389173, 2, 1, 3, 7);
INSERT INTO `vm_roles_menus_realation` VALUES (345, 1522389173, 1522389173, 2, 1, 3, 6);
INSERT INTO `vm_roles_menus_realation` VALUES (346, 1522389173, 1522389173, 2, 1, 3, 5);
INSERT INTO `vm_roles_menus_realation` VALUES (347, 1522389173, 1522389173, 2, 1, 3, 8);
INSERT INTO `vm_roles_menus_realation` VALUES (348, 1522389173, 1522389173, 2, 1, 3, 12);
INSERT INTO `vm_roles_menus_realation` VALUES (349, 1522389196, 1522389196, 2, 1, 3, 9);
INSERT INTO `vm_roles_menus_realation` VALUES (350, 1522389196, 1522389196, 2, 1, 3, 10);
INSERT INTO `vm_roles_menus_realation` VALUES (351, 1522389196, 1522389196, 2, 1, 3, 11);
INSERT INTO `vm_roles_menus_realation` VALUES (352, 1522389196, 1522389196, 2, 1, 3, 13);
INSERT INTO `vm_roles_menus_realation` VALUES (353, 1522389196, 1522389196, 2, 1, 3, 14);
INSERT INTO `vm_roles_menus_realation` VALUES (354, 1522389196, 1522389196, 2, 1, 3, 15);
INSERT INTO `vm_roles_menus_realation` VALUES (355, 1522389196, 1522389196, 2, 1, 3, 7);
INSERT INTO `vm_roles_menus_realation` VALUES (356, 1522389196, 1522389196, 2, 1, 3, 6);
INSERT INTO `vm_roles_menus_realation` VALUES (357, 1522389196, 1522389196, 2, 1, 3, 5);
INSERT INTO `vm_roles_menus_realation` VALUES (358, 1522389196, 1522389196, 2, 1, 3, 8);
INSERT INTO `vm_roles_menus_realation` VALUES (359, 1522389196, 1522389196, 2, 1, 3, 12);
INSERT INTO `vm_roles_menus_realation` VALUES (360, 1522389318, 1522389318, 2, 1, 3, 9);
INSERT INTO `vm_roles_menus_realation` VALUES (361, 1522389318, 1522389318, 2, 1, 3, 10);
INSERT INTO `vm_roles_menus_realation` VALUES (362, 1522389318, 1522389318, 2, 1, 3, 11);
INSERT INTO `vm_roles_menus_realation` VALUES (363, 1522389318, 1522389318, 2, 1, 3, 13);
INSERT INTO `vm_roles_menus_realation` VALUES (364, 1522389318, 1522389318, 2, 1, 3, 14);
INSERT INTO `vm_roles_menus_realation` VALUES (365, 1522389318, 1522389318, 2, 1, 3, 15);
INSERT INTO `vm_roles_menus_realation` VALUES (366, 1522389318, 1522389318, 2, 1, 3, 7);
INSERT INTO `vm_roles_menus_realation` VALUES (367, 1522389318, 1522389318, 2, 1, 3, 6);
INSERT INTO `vm_roles_menus_realation` VALUES (368, 1522389318, 1522389318, 2, 1, 3, 5);
INSERT INTO `vm_roles_menus_realation` VALUES (369, 1522389318, 1522389318, 2, 1, 3, 8);
INSERT INTO `vm_roles_menus_realation` VALUES (370, 1522389318, 1522389318, 2, 1, 3, 12);
INSERT INTO `vm_roles_menus_realation` VALUES (371, 1522389335, 1522389335, 2, 1, 3, 9);
INSERT INTO `vm_roles_menus_realation` VALUES (372, 1522389335, 1522389335, 2, 1, 3, 10);
INSERT INTO `vm_roles_menus_realation` VALUES (373, 1522389335, 1522389335, 2, 1, 3, 11);
INSERT INTO `vm_roles_menus_realation` VALUES (374, 1522389335, 1522389335, 2, 1, 3, 13);
INSERT INTO `vm_roles_menus_realation` VALUES (375, 1522389335, 1522389335, 2, 1, 3, 14);
INSERT INTO `vm_roles_menus_realation` VALUES (376, 1522389335, 1522389335, 2, 1, 3, 15);
INSERT INTO `vm_roles_menus_realation` VALUES (377, 1522389335, 1522389335, 2, 1, 3, 7);
INSERT INTO `vm_roles_menus_realation` VALUES (378, 1522389335, 1522389335, 2, 1, 3, 6);
INSERT INTO `vm_roles_menus_realation` VALUES (379, 1522389335, 1522389335, 2, 1, 3, 5);
INSERT INTO `vm_roles_menus_realation` VALUES (380, 1522389335, 1522389335, 2, 1, 3, 8);
INSERT INTO `vm_roles_menus_realation` VALUES (381, 1522389335, 1522389335, 2, 1, 3, 12);
INSERT INTO `vm_roles_menus_realation` VALUES (382, 1522389380, 1522389380, 2, 1, 3, 9);
INSERT INTO `vm_roles_menus_realation` VALUES (383, 1522389380, 1522389380, 2, 1, 3, 10);
INSERT INTO `vm_roles_menus_realation` VALUES (384, 1522389380, 1522389380, 2, 1, 3, 11);
INSERT INTO `vm_roles_menus_realation` VALUES (385, 1522389380, 1522389380, 2, 1, 3, 13);
INSERT INTO `vm_roles_menus_realation` VALUES (386, 1522389380, 1522389380, 2, 1, 3, 14);
INSERT INTO `vm_roles_menus_realation` VALUES (387, 1522389380, 1522389380, 2, 1, 3, 15);
INSERT INTO `vm_roles_menus_realation` VALUES (388, 1522389380, 1522389380, 2, 1, 3, 7);
INSERT INTO `vm_roles_menus_realation` VALUES (389, 1522389380, 1522389380, 2, 1, 3, 6);
INSERT INTO `vm_roles_menus_realation` VALUES (390, 1522389380, 1522389380, 2, 1, 3, 5);
INSERT INTO `vm_roles_menus_realation` VALUES (391, 1522389380, 1522389380, 2, 1, 3, 8);
INSERT INTO `vm_roles_menus_realation` VALUES (392, 1522389380, 1522389380, 2, 1, 3, 12);
INSERT INTO `vm_roles_menus_realation` VALUES (393, 1522390147, 1522390147, 2, 1, 3, 9);
INSERT INTO `vm_roles_menus_realation` VALUES (394, 1522390147, 1522390147, 2, 1, 3, 10);
INSERT INTO `vm_roles_menus_realation` VALUES (395, 1522390147, 1522390147, 2, 1, 3, 11);
INSERT INTO `vm_roles_menus_realation` VALUES (396, 1522390147, 1522390147, 2, 1, 3, 13);
INSERT INTO `vm_roles_menus_realation` VALUES (397, 1522390147, 1522390147, 2, 1, 3, 14);
INSERT INTO `vm_roles_menus_realation` VALUES (398, 1522390147, 1522390147, 2, 1, 3, 15);
INSERT INTO `vm_roles_menus_realation` VALUES (399, 1522390147, 1522390147, 2, 1, 3, 7);
INSERT INTO `vm_roles_menus_realation` VALUES (400, 1522390147, 1522390147, 2, 1, 3, 6);
INSERT INTO `vm_roles_menus_realation` VALUES (401, 1522390147, 1522390147, 2, 1, 3, 5);
INSERT INTO `vm_roles_menus_realation` VALUES (402, 1522390147, 1522390147, 2, 1, 3, 8);
INSERT INTO `vm_roles_menus_realation` VALUES (403, 1522390147, 1522390147, 2, 1, 3, 12);
INSERT INTO `vm_roles_menus_realation` VALUES (404, 1522390173, 1522390173, 2, 1, 3, 9);
INSERT INTO `vm_roles_menus_realation` VALUES (405, 1522390173, 1522390173, 2, 1, 3, 10);
INSERT INTO `vm_roles_menus_realation` VALUES (406, 1522390173, 1522390173, 2, 1, 3, 11);
INSERT INTO `vm_roles_menus_realation` VALUES (407, 1522390173, 1522390173, 2, 1, 3, 13);
INSERT INTO `vm_roles_menus_realation` VALUES (408, 1522390173, 1522390173, 2, 1, 3, 14);
INSERT INTO `vm_roles_menus_realation` VALUES (409, 1522390173, 1522390173, 2, 1, 3, 15);
INSERT INTO `vm_roles_menus_realation` VALUES (410, 1522390173, 1522390173, 2, 1, 3, 7);
INSERT INTO `vm_roles_menus_realation` VALUES (411, 1522390173, 1522390173, 2, 1, 3, 6);
INSERT INTO `vm_roles_menus_realation` VALUES (412, 1522390173, 1522390173, 2, 1, 3, 5);
INSERT INTO `vm_roles_menus_realation` VALUES (413, 1522390173, 1522390173, 2, 1, 3, 8);
INSERT INTO `vm_roles_menus_realation` VALUES (414, 1522390173, 1522390173, 2, 1, 3, 12);
INSERT INTO `vm_roles_menus_realation` VALUES (415, 1522390186, 1522390186, 2, 1, 3, 9);
INSERT INTO `vm_roles_menus_realation` VALUES (416, 1522390186, 1522390186, 2, 1, 3, 10);
INSERT INTO `vm_roles_menus_realation` VALUES (417, 1522390186, 1522390186, 2, 1, 3, 11);
INSERT INTO `vm_roles_menus_realation` VALUES (418, 1522390186, 1522390186, 2, 1, 3, 13);
INSERT INTO `vm_roles_menus_realation` VALUES (419, 1522390186, 1522390186, 2, 1, 3, 14);
INSERT INTO `vm_roles_menus_realation` VALUES (420, 1522390186, 1522390186, 2, 1, 3, 15);
INSERT INTO `vm_roles_menus_realation` VALUES (421, 1522390186, 1522390186, 2, 1, 3, 7);
INSERT INTO `vm_roles_menus_realation` VALUES (422, 1522390186, 1522390186, 2, 1, 3, 6);
INSERT INTO `vm_roles_menus_realation` VALUES (423, 1522390186, 1522390186, 2, 1, 3, 5);
INSERT INTO `vm_roles_menus_realation` VALUES (424, 1522390186, 1522390186, 2, 1, 3, 8);
INSERT INTO `vm_roles_menus_realation` VALUES (425, 1522390186, 1522390186, 2, 1, 3, 12);
INSERT INTO `vm_roles_menus_realation` VALUES (426, 1522390218, 1522390218, 2, 1, 3, 9);
INSERT INTO `vm_roles_menus_realation` VALUES (427, 1522390218, 1522390218, 2, 1, 3, 10);
INSERT INTO `vm_roles_menus_realation` VALUES (428, 1522390218, 1522390218, 2, 1, 3, 11);
INSERT INTO `vm_roles_menus_realation` VALUES (429, 1522390218, 1522390218, 2, 1, 3, 13);
INSERT INTO `vm_roles_menus_realation` VALUES (430, 1522390218, 1522390218, 2, 1, 3, 14);
INSERT INTO `vm_roles_menus_realation` VALUES (431, 1522390218, 1522390218, 2, 1, 3, 15);
INSERT INTO `vm_roles_menus_realation` VALUES (432, 1522390218, 1522390218, 2, 1, 3, 7);
INSERT INTO `vm_roles_menus_realation` VALUES (433, 1522390218, 1522390218, 2, 1, 3, 6);
INSERT INTO `vm_roles_menus_realation` VALUES (434, 1522390218, 1522390218, 2, 1, 3, 5);
INSERT INTO `vm_roles_menus_realation` VALUES (435, 1522390218, 1522390218, 2, 1, 3, 8);
INSERT INTO `vm_roles_menus_realation` VALUES (436, 1522390218, 1522390218, 2, 1, 3, 12);
INSERT INTO `vm_roles_menus_realation` VALUES (437, 1522390233, 1522390233, 2, 1, 3, 9);
INSERT INTO `vm_roles_menus_realation` VALUES (438, 1522390233, 1522390233, 2, 1, 3, 10);
INSERT INTO `vm_roles_menus_realation` VALUES (439, 1522390233, 1522390233, 2, 1, 3, 11);
INSERT INTO `vm_roles_menus_realation` VALUES (440, 1522390233, 1522390233, 2, 1, 3, 13);
INSERT INTO `vm_roles_menus_realation` VALUES (441, 1522390233, 1522390233, 2, 1, 3, 14);
INSERT INTO `vm_roles_menus_realation` VALUES (442, 1522390233, 1522390233, 2, 1, 3, 15);
INSERT INTO `vm_roles_menus_realation` VALUES (443, 1522390233, 1522390233, 2, 1, 3, 7);
INSERT INTO `vm_roles_menus_realation` VALUES (444, 1522390233, 1522390233, 2, 1, 3, 6);
INSERT INTO `vm_roles_menus_realation` VALUES (445, 1522390233, 1522390233, 2, 1, 3, 5);
INSERT INTO `vm_roles_menus_realation` VALUES (446, 1522390233, 1522390233, 2, 1, 3, 8);
INSERT INTO `vm_roles_menus_realation` VALUES (447, 1522390233, 1522390233, 2, 1, 3, 12);
INSERT INTO `vm_roles_menus_realation` VALUES (448, 1522390247, 1522390247, 2, 1, 3, 9);
INSERT INTO `vm_roles_menus_realation` VALUES (449, 1522390247, 1522390247, 2, 1, 3, 10);
INSERT INTO `vm_roles_menus_realation` VALUES (450, 1522390247, 1522390247, 2, 1, 3, 11);
INSERT INTO `vm_roles_menus_realation` VALUES (451, 1522390247, 1522390247, 2, 1, 3, 13);
INSERT INTO `vm_roles_menus_realation` VALUES (452, 1522390247, 1522390247, 2, 1, 3, 14);
INSERT INTO `vm_roles_menus_realation` VALUES (453, 1522390247, 1522390247, 2, 1, 3, 15);
INSERT INTO `vm_roles_menus_realation` VALUES (454, 1522390247, 1522390247, 2, 1, 3, 7);
INSERT INTO `vm_roles_menus_realation` VALUES (455, 1522390247, 1522390247, 2, 1, 3, 6);
INSERT INTO `vm_roles_menus_realation` VALUES (456, 1522390247, 1522390247, 2, 1, 3, 5);
INSERT INTO `vm_roles_menus_realation` VALUES (457, 1522390247, 1522390247, 2, 1, 3, 8);
INSERT INTO `vm_roles_menus_realation` VALUES (458, 1522390247, 1522390247, 2, 1, 3, 12);
INSERT INTO `vm_roles_menus_realation` VALUES (459, 1522390260, 1522390260, 2, 1, 3, 9);
INSERT INTO `vm_roles_menus_realation` VALUES (460, 1522390260, 1522390260, 2, 1, 3, 10);
INSERT INTO `vm_roles_menus_realation` VALUES (461, 1522390260, 1522390260, 2, 1, 3, 11);
INSERT INTO `vm_roles_menus_realation` VALUES (462, 1522390260, 1522390260, 2, 1, 3, 13);
INSERT INTO `vm_roles_menus_realation` VALUES (463, 1522390260, 1522390260, 2, 1, 3, 14);
INSERT INTO `vm_roles_menus_realation` VALUES (464, 1522390260, 1522390260, 2, 1, 3, 15);
INSERT INTO `vm_roles_menus_realation` VALUES (465, 1522390260, 1522390260, 2, 1, 3, 7);
INSERT INTO `vm_roles_menus_realation` VALUES (466, 1522390260, 1522390260, 2, 1, 3, 6);
INSERT INTO `vm_roles_menus_realation` VALUES (467, 1522390260, 1522390260, 2, 1, 3, 5);
INSERT INTO `vm_roles_menus_realation` VALUES (468, 1522390260, 1522390260, 2, 1, 3, 8);
INSERT INTO `vm_roles_menus_realation` VALUES (469, 1522390260, 1522390260, 2, 1, 3, 12);
INSERT INTO `vm_roles_menus_realation` VALUES (470, 1522390268, 1522390268, 2, 1, 3, 9);
INSERT INTO `vm_roles_menus_realation` VALUES (471, 1522390268, 1522390268, 2, 1, 3, 10);
INSERT INTO `vm_roles_menus_realation` VALUES (472, 1522390268, 1522390268, 2, 1, 3, 11);
INSERT INTO `vm_roles_menus_realation` VALUES (473, 1522390268, 1522390268, 2, 1, 3, 13);
INSERT INTO `vm_roles_menus_realation` VALUES (474, 1522390268, 1522390268, 2, 1, 3, 14);
INSERT INTO `vm_roles_menus_realation` VALUES (475, 1522390268, 1522390268, 2, 1, 3, 15);
INSERT INTO `vm_roles_menus_realation` VALUES (476, 1522390268, 1522390268, 2, 1, 3, 7);
INSERT INTO `vm_roles_menus_realation` VALUES (477, 1522390268, 1522390268, 2, 1, 3, 6);
INSERT INTO `vm_roles_menus_realation` VALUES (478, 1522390268, 1522390268, 2, 1, 3, 5);
INSERT INTO `vm_roles_menus_realation` VALUES (479, 1522390268, 1522390268, 2, 1, 3, 8);
INSERT INTO `vm_roles_menus_realation` VALUES (480, 1522390268, 1522390268, 2, 1, 3, 12);
INSERT INTO `vm_roles_menus_realation` VALUES (481, 1522390303, 1522390303, 2, 1, 5, 11);
INSERT INTO `vm_roles_menus_realation` VALUES (482, 1522390303, 1522390303, 2, 1, 5, 10);
INSERT INTO `vm_roles_menus_realation` VALUES (483, 1522390303, 1522390303, 2, 1, 5, 9);
INSERT INTO `vm_roles_menus_realation` VALUES (484, 1522390303, 1522390303, 2, 1, 5, 6);
INSERT INTO `vm_roles_menus_realation` VALUES (485, 1522390303, 1522390303, 2, 1, 5, 7);
INSERT INTO `vm_roles_menus_realation` VALUES (486, 1522390303, 1522390303, 2, 1, 5, 13);
INSERT INTO `vm_roles_menus_realation` VALUES (487, 1522390303, 1522390303, 2, 1, 5, 14);
INSERT INTO `vm_roles_menus_realation` VALUES (488, 1522390303, 1522390303, 2, 1, 5, 15);
INSERT INTO `vm_roles_menus_realation` VALUES (489, 1522390303, 1522390303, 2, 1, 5, 5);
INSERT INTO `vm_roles_menus_realation` VALUES (490, 1522390303, 1522390303, 2, 1, 5, 8);
INSERT INTO `vm_roles_menus_realation` VALUES (491, 1522390303, 1522390303, 2, 1, 5, 12);
INSERT INTO `vm_roles_menus_realation` VALUES (492, 1522390316, 1522390316, 2, 1, 5, 11);
INSERT INTO `vm_roles_menus_realation` VALUES (493, 1522390316, 1522390316, 2, 1, 5, 10);
INSERT INTO `vm_roles_menus_realation` VALUES (494, 1522390316, 1522390316, 2, 1, 5, 9);
INSERT INTO `vm_roles_menus_realation` VALUES (495, 1522390316, 1522390316, 2, 1, 5, 6);
INSERT INTO `vm_roles_menus_realation` VALUES (496, 1522390316, 1522390316, 2, 1, 5, 7);
INSERT INTO `vm_roles_menus_realation` VALUES (497, 1522390316, 1522390316, 2, 1, 5, 13);
INSERT INTO `vm_roles_menus_realation` VALUES (498, 1522390316, 1522390316, 2, 1, 5, 14);
INSERT INTO `vm_roles_menus_realation` VALUES (499, 1522390316, 1522390316, 2, 1, 5, 15);
INSERT INTO `vm_roles_menus_realation` VALUES (500, 1522390316, 1522390316, 2, 1, 5, 5);
INSERT INTO `vm_roles_menus_realation` VALUES (501, 1522390316, 1522390316, 2, 1, 5, 8);
INSERT INTO `vm_roles_menus_realation` VALUES (502, 1522390316, 1522390316, 2, 1, 5, 12);
INSERT INTO `vm_roles_menus_realation` VALUES (503, 1522390347, 1522390347, 2, 1, 5, 14);
INSERT INTO `vm_roles_menus_realation` VALUES (504, 1522390347, 1522390347, 2, 1, 5, 6);
INSERT INTO `vm_roles_menus_realation` VALUES (505, 1522390347, 1522390347, 2, 1, 5, 7);
INSERT INTO `vm_roles_menus_realation` VALUES (506, 1522390347, 1522390347, 2, 1, 5, 5);
INSERT INTO `vm_roles_menus_realation` VALUES (507, 1522390347, 1522390347, 2, 1, 5, 12);
INSERT INTO `vm_roles_menus_realation` VALUES (508, 1522390362, 1522390362, 2, 1, 3, 9);
INSERT INTO `vm_roles_menus_realation` VALUES (509, 1522390362, 1522390362, 2, 1, 3, 10);
INSERT INTO `vm_roles_menus_realation` VALUES (510, 1522390362, 1522390362, 2, 1, 3, 11);
INSERT INTO `vm_roles_menus_realation` VALUES (511, 1522390362, 1522390362, 2, 1, 3, 8);
INSERT INTO `vm_roles_menus_realation` VALUES (512, 1522390376, 1522390376, 1, 1, 5, 14);
INSERT INTO `vm_roles_menus_realation` VALUES (513, 1522390376, 1522390376, 1, 1, 5, 6);
INSERT INTO `vm_roles_menus_realation` VALUES (514, 1522390376, 1522390376, 1, 1, 5, 7);
INSERT INTO `vm_roles_menus_realation` VALUES (515, 1522390376, 1522390376, 1, 1, 5, 5);
INSERT INTO `vm_roles_menus_realation` VALUES (516, 1522390376, 1522390376, 1, 1, 5, 12);
INSERT INTO `vm_roles_menus_realation` VALUES (539, 1522404009, 1522404009, 1, 1, 2, 13);
INSERT INTO `vm_roles_menus_realation` VALUES (540, 1522404009, 1522404009, 1, 1, 2, 14);
INSERT INTO `vm_roles_menus_realation` VALUES (541, 1522404009, 1522404009, 1, 1, 2, 15);
INSERT INTO `vm_roles_menus_realation` VALUES (542, 1522404009, 1522404009, 1, 1, 2, 11);
INSERT INTO `vm_roles_menus_realation` VALUES (543, 1522404009, 1522404009, 1, 1, 2, 10);
INSERT INTO `vm_roles_menus_realation` VALUES (544, 1522404009, 1522404009, 1, 1, 2, 9);
INSERT INTO `vm_roles_menus_realation` VALUES (545, 1522404009, 1522404009, 1, 1, 2, 7);
INSERT INTO `vm_roles_menus_realation` VALUES (546, 1522404009, 1522404009, 1, 1, 2, 6);
INSERT INTO `vm_roles_menus_realation` VALUES (547, 1522404009, 1522404009, 1, 1, 2, 5);
INSERT INTO `vm_roles_menus_realation` VALUES (548, 1522404009, 1522404009, 1, 1, 2, 8);
INSERT INTO `vm_roles_menus_realation` VALUES (549, 1522404009, 1522404009, 1, 1, 2, 12);
INSERT INTO `vm_roles_menus_realation` VALUES (550, 1523030423, 1523030423, 2, 1, 3, 11);
INSERT INTO `vm_roles_menus_realation` VALUES (551, 1523030423, 1523030423, 2, 1, 3, 8);
INSERT INTO `vm_roles_menus_realation` VALUES (552, 1523030446, 1523030446, 1, 1, 3, 11);
INSERT INTO `vm_roles_menus_realation` VALUES (553, 1523030446, 1523030446, 1, 1, 3, 6);
INSERT INTO `vm_roles_menus_realation` VALUES (554, 1523030446, 1523030446, 1, 1, 3, 7);
INSERT INTO `vm_roles_menus_realation` VALUES (555, 1523030446, 1523030446, 1, 1, 3, 9);
INSERT INTO `vm_roles_menus_realation` VALUES (556, 1523030446, 1523030446, 1, 1, 3, 10);
INSERT INTO `vm_roles_menus_realation` VALUES (557, 1523030446, 1523030446, 1, 1, 3, 15);
INSERT INTO `vm_roles_menus_realation` VALUES (558, 1523030446, 1523030446, 1, 1, 3, 13);
INSERT INTO `vm_roles_menus_realation` VALUES (559, 1523030446, 1523030446, 1, 1, 3, 14);
INSERT INTO `vm_roles_menus_realation` VALUES (560, 1523030446, 1523030446, 1, 1, 3, 5);
INSERT INTO `vm_roles_menus_realation` VALUES (561, 1523030446, 1523030446, 1, 1, 3, 8);
INSERT INTO `vm_roles_menus_realation` VALUES (562, 1523030446, 1523030446, 1, 1, 3, 12);

SET FOREIGN_KEY_CHECKS = 1;
